customer_id,first_name,last_name,age,gender,postal_code,email,phone_number,membership_status,total_spending,average_order_value,frequency,preferred_category,churned,join_date,last_purchased
103,Harper,Robinson,38,M,69006,harperr@yahoo.com,33148254771,BASIC,929.52,42.25,22,PASTRIES,False,25/01/2022 10:21,
126,Louis,Robert,41,M,69001,louis_robert@hotmail.com,33587452449,SILVER,669.56,17.17,39,BREAD,True,21/12/2072 13:04,
131,Jack,Fischer,45,F,69002,jack_fischer@free.fr,33521290487,SILVER,135.05,4.82,28,MACARON,True,,
132,Noah,Lewis,53,M,69006,NOAH.LEWIS@ICLOUD.COM,33540002343,SILVER,493.63,17.63,28,BREAD,True,09/08/2022 14:30,
134,Isabella,Laurent,57,F,69003,isabellal@free.fr,6,BASIC,313.07,14819.12,3,N/A,False,16/08/2021 9:43,
135,Emma,Brown,25,M,69006,EMMA.BROWN@GMX.DE,33990381653,SILVER,403390.35,28.09,8,PASTRIES,False,28/07/2023 10:02,
137,Sophia,Young,42,U,69001,Sophia_young@mail.com,33409929467,BASIC,571.91,571.91,1,PASTRIES,False,11/02/2022 16:13,
157,Amelia,Leroy,45,M,69003,aleroy@orange.fr,33375075727,BASIC,523.49,43.62,12,MACARON,False,06/01/2031 9:01,
170,Jack,Hall,52,F,69007,JACK_HALL@LAPOSTE.NET,33818035839,BASIC,78.3,1.82,43,TBD,True,26/04/2022 12:37,
175,Leon,Schneider,41,M,69007,leons@mail.com,33490473303,BASIC,316.13,3740.28,12,PASTRIES,True,11/12/2023 9:30,
193,Paul,Schulz,70,F,69003,pauls@yahoo.com,33617478768,SILVER,967433.2,10.78,50,BREAD,False,14/06/2021 16:10,
194,Benjamin,Moore,63,F,69002,benjaminm@free.fr,33325127574,GOLD,946.1,55.65,17,,False,13/05/2017 14:02,
195,Emma,Wright,47,F,69007,emmawright@wanadoo.fr,33406234242,GOLD,717.35,65.21,11,TO BE DETERMINED,False,30/11/1994 13:24,
196,Amelia,Thomas,24,M,69003,ameliathomas@web.de,+4199908612506,SILVER,935.06,935.06,1,PASTRIES,False,16/05/2071 13:06,
197,Sophie,Simon,43,M,69006,sophie.simon@hotmail.com,33825431262,BASIC,696.81,69.68,10,TARTE,False,15/12/1900 9:24,
198,Lukas,Taylor,36,M,69006,Lukast@hotmail.com,33893218408,BASIC,688.35,38.24,18,N/A,False,04/10/2027 13:29,
205,Hugo,Allen,41,F,69007,HALLEN@FREE.FR,33654162445,BASIC,776.57,388.29,2,NOT AVAILABLE,False,,
209,Jack,Dubois,43,M,69001,jackd@wanadoo.fr,33835940829,SILVER,887.23,295.74,3,PASTRIES,False,11/04/1997 16:23,
217,Sophie,Meyer,45,M,69003,SOPHIE_MEYER@YANDEX.COM,33592039262,BASIC,287.63,15.98,18,PASTRIES,False,15/12/2022 16:11,
234,Emma,Laurent,52,M,69006,elaurent@hotmail.com,33445229070,BASIC,897.04,19.5,46,TO BE DETERMINED,False,23/08/2022 12:10,
235,Amelia,Brown,45,M,69002,ABROWN@GMAIL.COM,33397742453,SILVER,549.76,17.73,31,MACARON,False,11/10/2024 15:10,
239,Thomas,Petit,45,M,69001,thomas.petit@protonmail.com,33635576643,GOLD,831.68,25.99,32,TARTE,False,19/02/2023 12:49,
240,Lucas,Wilson,89,F,69007,LUCASWILSON@FREE.FR,33964698673,GOLD,453.42,14.63,31,TARTE,True,,
242,Oliver,Baker,49,U,69003,OLIVER.BAKER@YANDEX.COM,33169353090,GOLD,915.68,20.81,44,TBD,True,07/04/2026 14:15,
255,Olivia,Allen,65,F,69003,Olivia.allen@laposte.net,9,GOLD,300.75,10.03,30,,True,12/02/1943 9:53,
256,Sophie,Schmidt,53,F,69002,SOPHIE_SCHMIDT@YANDEX.COM,33732146605,BASIC,339.68,16.18,21,,False,07/12/1969 15:15,
259,Harper,Dubois,59,M,69003,harperdubois@wanadoo.fr,33131468063,SILVER,894.71,49.71,18,PASTRIES,True,24/08/2022 11:51,
262,Amélie,Harris,47,F,69001,Amélie.harris@mail.com,+601 (710)-367-2809,BASIC,141.31,4.04,35,,False,24/08/2029 14:02,
263,Mia,Moreau,45,M,69006,MMOREAU@YAHOO.COM,33302582644,GOLD,711.93,79.1,9,,True,12/03/2021 14:57,
268,Henry,Bernard,63,F,69002,henryb@wanadoo.fr,33794586926,SILVER,399.44,133.15,3,BREAD,True,27/11/2022 13:38,
271,Paul,White,41,M,69006,paulw@orange.fr,33990960091,BASIC,563827.45,22.44,14,PASTRIES,True,17/05/2021 14:08,
277,Alexander,Scott,49,F,69003,Alexanderscott@orange.fr,33449812619,SILVER,922.88,153.81,6,TARTE,True,,
281,Oliver,Fischer,40,M,69002,OLIVERFISCHER@HOTMAIL.COM,33976042750,BASIC,997.58,997.58,1,MACARON,False,,
294,Olivia,Moore,70,M,69006,Olivia.moore@yandex.com,33536414233,BASIC,787071.6,29.23,15,PASTRIES,False,16/01/2014 13:25,
299,Ethan,Wagner,35,F,69002,Ethanwagner@free.fr,33870382795,BASIC,845.34,845.34,1,MACARON,True,,
306,Harry,Schmidt,58,M,69006,Harryschmidt@laposte.net,0,GOLD,913.5,22.28,41,PASTRIES,False,06/04/2026 14:55,
311,Benjamin,Hoffmann,70,F,69007,Benjaminh@hotmail.com,33935945512,SILVER,205.45,4.11,50,PASTRIES,False,03/05/2021 9:36,
324,William,Müller,39,F,69002,wmüller@protonmail.com,33451117188,BASIC,920.54,24.22,38,BREAD,True,23/05/2022 15:38,
325,Mason,Schneider,27,F,69007,MSCHNEIDER@PROTONMAIL.COM,33125547925,GOLD,835.19,37.96,22,BREAD,False,03/07/2025 12:51,
346,Henry,Thomas,64,M,69007,henry.thomas@protonmail.com,+691 (503)-952-4601,SILVER,874.63,67.28,13,MACARON,True,22/06/1983 10:35,
351,Emma,King,26,M,69003,eking@gmx.de,33671331038,SILVER,502.45,23.93,21,MACARON,True,06/08/2022 15:52,
353,Sophie,Robinson,62,F,69003,SOPHIER@HOTMAIL.COM,33483664502,SILVER,649.5,15.46,42,,False,,
375,Chloé,Schneider,34,U,69007,cschneider@yahoo.com,33815819164,SILVER,195.1,21.68,9,,True,09/09/2022 12:39,
379,Amélie,Martinez,31,F,69003,amélie.martinez@free.fr,33805820468,SILVER,262.46,5.25,50,PASTRIES,True,28/09/2021 12:59,
380,Mia,Thompson,55,F,69003,mia.thompson@wanadoo.fr,33475196088,SILVER,127.04,63.52,2,,False,12/12/2021 12:32,
381,Finn,Fischer,32,U,69007,ffischer@mail.com,33294884336,SILVER,176.64,5.2,34,PASTRIES,False,17/05/2023 12:51,
382,Chloe,Lewis,42,M,69006,Clewis@gmail.com,+827 (436)-434-2779,GOLD,1386781.1,29.71,26,,True,10/09/2023 15:20,
384,Harry,Laurent,65,M,69001,harryl@hotmail.com,33619804717,SILVER,1535191.7,45.01,19,PASTRIES,True,19/06/2032 11:02,
394,Alexander,Moore,69,U,69002,Alexander_moore@gmail.com,+166 (653)-764-5465,BASIC,89.06,4.24,21,PASTRIES,False,23/08/2023 16:43,
397,Marie,Simon,45,M,69003,MARIE.SIMON@ICLOUD.COM,33521355613,GOLD,239.98,6.32,38,BREAD,False,,
400,Hugo,Green,45,U,69003,Hugo.green@wanadoo.fr,33493332479,GOLD,628.08,157.02,4,TARTE,True,26/10/2025 16:11,
401,Liam,King,36,F,69007,Liam_king@outlook.com,0,GOLD,75.78,7.58,10,BREAD,True,01/03/2023 15:37,
403,Mason,Robinson,22,F,69002,mason_robinson@laposte.net,33968836114,SILVER,217.26,27.16,8,PASTRIES,True,18/06/2023 16:31,
407,Isabella,Leroy,84,F,69007,ILEROY@HOTMAIL.COM,33893227183,SILVER,752.9,30.12,25,MACARON,True,01/07/2022 12:05,
408,Emma,Weber,41,U,69007,EMMAWEBER@HOTMAIL.COM,33475097128,BASIC,320.07,40.01,8,PASTRIES,False,10/11/1919 12:05,
412,Sophie,Harris,47,F,69002,Sophie.harris@mail.com,33533208425,GOLD,362.18,10.35,35,PASTRIES,True,19/06/1984 9:56,
414,Chloé,Adams,65,U,69007,cadams@gmail.com,33494310803,GOLD,581.92,26.45,22,TARTE,True,,
419,Mia,Anderson,31,F,69002,Mia_anderson@icloud.com,33146926463,BASIC,66.82,4.77,14,,True,18/03/2021 9:37,
442,Mason,Baker,57,M,69006,Mbaker@yahoo.com,33604434496,BASIC,970.96,26.97,36,,False,,
446,Isabella,Thomas,27,M,69001,ISABELLA_THOMAS@WEB.DE,33514707661,GOLD,440.29,2841.42,22,,True,24/08/2022 11:33,
456,Ava,Schmidt,30,M,69001,AVASCHMIDT@GMX.DE,33663278125,BASIC,665.43,15.84,42,TARTE,False,26/06/2022 13:55,
459,Finn,Dubois,32,M,69001,finn.dubois@yahoo.com,33618113717,GOLD,893.53,19.86,45,PASTRIES,False,12/09/2023 13:47,
470,Sophie,Hall,20,F,69007,sophieh@outlook.com,33910960574,GOLD,537.54,10.97,49,BREAD,True,03/07/1955 15:23,
480,William,Thompson,55,F,69007,Williamthompson@free.fr,+161 (465)-462-7185,GOLD,384.49,54.93,7,,False,03/08/2022 11:44,
494,Ethan,Moore,45,M,69003,Ethanm@web.de,33307936652,BASIC,413.61,17.23,24,MACARON,False,07/05/2022 11:47,
498,Finn,Taylor,44,M,69003,finn_taylor@mail.com,33282139662,SILVER,441.02,73.5,6,MACARON,False,19/11/2055 13:23,
504,Charlotte,Rodriguez,34,F,69001,crodriguez@hotmail.com,33124348499,GOLD,600.58,33.37,18,,False,19/03/2023 10:51,
515,Oliver,Richard,29,M,69001,oliverr@icloud.com,33154157596,BASIC,711.33,711.33,1,MACARON,True,25/12/2021 11:52,
517,Hugo,Meyer,29,M,69002,Hugomeyer@mail.com,33416303295,GOLD,782.74,195.69,4,,False,03/03/1900 16:38,
520,Mason,Hall,43,M,69001,MASON_HALL@YAHOO.COM,,BASIC,903.28,21.01,43,BREAD,False,28/03/2023 15:23,
528,Olivia,Becker,54,M,69001,Olivia_becker@mail.com,33227589032,GOLD,498.94,12.17,41,,False,,
543,Charlotte,Schulz,70,M,69002,CHARLOTTE_SCHULZ@GMX.DE,+4713815145712,SILVER,862.49,19.17,45,,False,10/05/2021 13:53,
544,Paul,Moore,31,F,69003,Paul.moore@orange.fr,33117780675,BASIC,425.54,22.4,19,,False,19/06/2025 11:14,
545,Benjamin,Wright,55,U,69003,benjamin_wright@hotmail.com,33911668547,BASIC,932.17,40.53,23,BREAD,True,10/02/2021 14:52,
550,Alexander,Green,46,M,69001,alexander_green@hotmail.com,0,SILVER,75.92,10.85,7,MACARON,True,11/01/2064 11:03,
554,Oliver,Rodriguez,57,F,69007,Oliver_rodriguez@hotmail.com,33839271720,GOLD,238,8.21,29,BREAD,False,29/06/1952 13:33,
558,William,Weber,24,M,69002,Wweber@web.de,33629435515,GOLD,59.25,1.23,48,MACARON,False,02/07/2049 10:06,
566,Sophia,Garcia,53,U,69003,SOPHIAG@ORANGE.FR,+914 (898)-823-8872,GOLD,934.33,30.14,31,PASTRIES,True,04/09/2021 10:42,
574,Amélie,Müller,58,U,69002,améliemüller@protonmail.com,33728930419,BASIC,522.63,2558.84,29,TARTE,False,20/06/2022 11:56,
575,Mia,Schneider,36,F,69002,mia_schneider@gmail.com,33174951491,BASIC,790.14,87.79,9,MACARON,False,07/02/2013 9:09,
588,Alexander,Petit,64,F,69002,ALEXANDER_PETIT@FREE.FR,0,BASIC,800.95,160.19,5,BREAD,True,23/09/2015 13:46,
589,Thomas,Wilson,56,M,69002,THOMASW@WEB.DE,33972699785,BASIC,455.09,13.38,34,MACARON,False,19/11/2071 16:02,
594,Hugo,Wright,54,U,69002,HWRIGHT@MAIL.COM,+582 (436)-908-5893,SILVER,610.38,46.95,13,,True,24/11/2019 9:23,
598,Jack,Wagner,70,F,69003,jack_wagner@wanadoo.fr,33281763152,GOLD,702.48,41.32,17,TARTE,False,11/12/2021 9:13,
604,Sophia,Allen,40,M,69003,Sophiaallen@yahoo.com,33405935074,BASIC,209.62,4.37,48,BREAD,True,25/03/2021 11:25,
611,Ava,Harris,69,F,69002,ava_harris@web.de,33604261701,SILVER,950.81,20.67,46,TARTE,False,03/08/2021 11:32,
619,James,Hall,45,F,69007,JAMESHALL@YANDEX.COM,33687493667,SILVER,736.95,56.69,13,TARTE,False,03/08/2018 15:16,
623,Amelia,Schneider,29,M,69002,ASCHNEIDER@YANDEX.COM,33360552945,BASIC,261.72,7.7,34,MACARON,False,07/10/2021 10:09,
633,Liam,Brown,48,F,69001,liamb@orange.fr,33821472932,BASIC,423.19,105.8,4,PASTRIES,True,18/04/2023 14:53,
636,Jack,Clark,67,M,69002,Jackc@yahoo.com,33530356260,GOLD,906905.8,14.86,34,MACARON,True,01/02/2022 12:20,
641,Leon,Schulz,64,F,69007,Leons@yandex.com,33640370353,GOLD,527873.6,26.73,11,MACARON,False,11/07/2021 14:33,
655,Harry,Leroy,62,F,69001,Harryleroy@free.fr,33681392515,GOLD,424.03,13.25,32,MACARON,False,31/12/2022 12:29,
658,Charlotte,Miller,30,M,69007,CHARLOTTEM@HOTMAIL.COM,33441696435,GOLD,549.09,10.98,50,PASTRIES,True,07/12/2021 11:59,
663,Lukas,Garcia,45,F,69003,LUKASG@YANDEX.COM,33586677379,SILVER,573251.2,14.52,22,,True,07/08/1939 11:02,
672,William,Schneider,49,M,69006,Williams@outlook.com,33901246652,GOLD,427.06,11.24,38,PASTRIES,False,18/09/2014 13:46,
673,Mason,Robert,28,F,69001,Masonr@yahoo.com,4+,GOLD,713.13,20.97,34,PASTRIES,False,23/04/2025 13:37,
675,Noah,Becker,23,M,69002,Noah_becker@yandex.com,2,SILVER,575.07,4536.9,18,MACARON,True,08/04/2022 9:40,
677,Isabella,Thompson,38,M,69003,isabella_thompson@yandex.com,33158142555,SILVER,406.91,50.86,8,,True,04/05/2047 10:01,
684,Chloé,Young,54,M,69006,Chloéyoung@gmail.com,33214678146,BASIC,352.08,8,44,PASTRIES,False,19/12/2021 9:43,
708,Hugo,Harris,32,F,69002,Hugo_harris@gmail.com,33570318383,SILVER,464.18,21.1,22,BREAD,False,15/06/2022 16:56,
719,Olivia,Martin,30,M,69002,oliviam@gmx.de,+957 (261)-800-1752,GOLD,218.42,36.4,6,BREAD,False,30/11/2035 11:01,
722,Chloé,Robert,39,F,69001,crobert@wanadoo.fr,33651023832,BASIC,209243.15,752.6,22,MACARON,False,27/08/2013 15:23,
725,Ava,Martinez,45,M,69002,AVA_MARTINEZ@YAHOO.COM,33571410176,SILVER,427.26,10.17,42,TARTE,True,17/09/1910 12:54,
744,Oliver,Wagner,38,M,69002,Owagner@orange.fr,33516906634,BASIC,898.68,17.97,50,BREAD,False,25/06/2018 15:44,
760,Chloé,Richard,64,F,69002,CHLOÉ_RICHARD@WEB.DE,33659130106,BASIC,756,20.43,37,,False,07/05/2021 14:56,
763,Ava,Bernard,32,F,69002,abernard@outlook.com,+6174596316096,SILVER,149.88,4.83,31,TARTE,True,25/03/2021 13:42,
771,James,Robert,25,F,69003,JAMES.ROBERT@YAHOO.COM,+636961924086,GOLD,1150397.55,160.22,4,,False,18/09/2020 13:51,
772,Charlotte,Scott,22,F,69003,cscott@yahoo.com,33866657426,BASIC,562.01,20.07,28,PASTRIES,False,22/08/2022 15:43,
785,Liam,Durand,48,F,69007,liamdurand@outlook.com,+390 (347)-894-7482,GOLD,704.61,176.15,4,PASTRIES,False,20/02/2022 14:27,
807,Harry,Moreau,45,M,69007,harry_moreau@free.fr,33605924316,GOLD,686.64,2378.5,41,,False,12/10/2021 15:47,
808,Henry,Adams,39,F,69006,Henry_adams@web.de,33242204360,GOLD,400.32,44.48,9,PASTRIES,False,02/09/2095 15:10,
815,Lukas,Johnson,61,M,69007,lukasjohnson@outlook.com,5(,GOLD,786.69,35.76,22,MACARON,False,02/06/2023 12:02,
816,Alexander,Martin,45,F,69003,alexander_martin@free.fr,33254485802,GOLD,279.27,27.93,10,,True,22/10/2022 15:19,
104,Ethan,Rodriguez,54,F,69001,ETHAN_RODRIGUEZ@YANDEX.COM,33118046627,BASIC,731.21,33.24,22,UNKNOWN,False,23/03/2033 15:50,17/07/2023 16:23
120,Lukas,Hall,66,M,69002,Lhall@protonmail.com,33682568671,SILVER,380.82,13.13,29,UNKNOWN,False,18/04/2021 15:08,13/06/2023 9:50
133,Emily,Walker,41,U,69001,Emilywalker@icloud.com,33114831632,BASIC,63.03,1.47,43,TO BE DETERMINED,False,21/03/2021 11:04,19/12/2023 12:44
141,Chloé,Durand,46,M,69003,CHLOÉ.DURAND@OUTLOOK.COM,+1071965596880,SILVER,342.51,12.23,28,TBD,False,11/04/2021 16:57,25/06/2019 12:44
163,Marie,Moreau,20,M,69001,Mmoreau@wanadoo.fr,+7354251155524,SILVER,614.36,12.54,49,TO BE DETERMINED,False,08/12/2021 14:42,23/09/2023 12:55
173,Isabella,Martin,45,M,69006,isabellam@protonmail.com,33280780652,SILVER,969533.35,49.1,11,TO BE DETERMINED,False,01/02/2022 9:43,11/08/2023 9:51
183,Ava,Walker,70,M,69007,ava.walker@laposte.net,+575 (574)-903-7313,GOLD,253777.1,5.89,24,TO BE DETERMINED,True,18/01/2008 12:13,11/05/1922 9:17
186,Finn,Jackson,19,U,69001,finn_jackson@hotmail.com,33995366086,BASIC,341.29,12.64,27,N/A,False,21/01/2014 10:16,27/11/2023 16:31
189,Harry,Petit,19,F,69002,HARRY_PETIT@GMX.DE,33420581639,SILVER,64.71,1.62,40,TO BE DETERMINED,False,17/04/2023 16:39,12/07/2023 10:16
204,Louis,Rodriguez,57,M,69006,lrodriguez@mail.com,33243588577,GOLD,432.04,1427.1,43,N/A,False,16/08/2021 14:11,05/11/2023 13:35
213,Emma,Moreau,45,M,69002,Emma.moreau@mail.com,33803339943,SILVER,181.88,549.54,47,TBD,True,08/11/2021 14:23,05/06/2023 16:44
238,Alexander,Clark,40,M,69006,Alexander_clark@hotmail.com,33281090633,BASIC,299.19,7.67,39,UNKNOWN,False,06/09/2023 13:30,23/10/2020 13:22
111,Harry,Hoffmann,48,F,69002,harry.hoffmann@laposte.net,33413173236,SILVER,920.32,61.35,15,TARTE,False,06/11/2022 14:52,06/09/2023 10:40
114,Charlotte,Adams,38,F,69007,charlottea@web.de,33551328360,BASIC,468.31,11.42,41,TARTE,False,30/09/1986 12:22,13/10/2023 13:02
130,Mason,Thompson,23,F,69006,MASONT@YANDEX.COM,+292 (422)-555-5366,GOLD,468.12,17.34,27,TARTE,False,14/09/2024 12:30,18/05/1929 15:22
142,Harper,Baker,45,M,69001,HARPER.BAKER@YANDEX.COM,33991903375,BASIC,134.98,5.4,25,TARTE,False,14/10/2023 15:26,07/10/2042 10:03
149,Hannah,Wagner,49,F,69001,Hannah.wagner@gmail.com,33428721077,BASIC,578.68,22.26,26,TARTE,False,06/08/2019 15:19,12/07/2023 10:21
150,Harry,Green,65,F,69002,Harrygreen@protonmail.com,33737394614,GOLD,131.69,2.99,44,TARTE,True,23/11/2022 15:55,23/03/2023 9:32
151,Henry,King,35,M,69003,HKING@GMX.DE,84,BASIC,481.66,14.6,33,TARTE,False,14/08/2001 12:37,26/09/2015 11:31
164,Oliver,Adams,60,F,69006,OLIVERA@FREE.FR,33682485084,SILVER,369.05,1218.36,43,TARTE,True,18/04/2021 10:29,07/07/1986 14:11
174,Emma,Müller,45,M,69001,emmam@gmx.de,33559163483,SILVER,216.29,10.3,21,TARTE,False,19/01/2021 11:08,09/12/2023 14:52
208,Mason,Weber,29,F,69007,MASON_WEBER@ORANGE.FR,33127776729,GOLD,748.58,46.79,16,TARTE,True,03/07/2016 12:12,25/07/2016 13:23
244,Hugo,Moore,67,M,69006,Hmoore@gmail.com,33111424221,GOLD,294.29,32.7,9,TARTE,False,23/10/2081 13:50,16/06/2023 11:06
246,William,Thomas,45,M,69002,WTHOMAS@HOTMAIL.COM,33608681398,BASIC,347.21,9.38,37,TARTE,True,02/01/2022 9:32,09/02/2032 12:58
264,Finn,Adams,28,M,69007,fadams@icloud.com,33284045979,SILVER,807.01,201.75,4,TARTE,True,25/12/2022 16:18,04/01/2010 10:53
265,Chloe,Richard,61,F,69003,Chloe_richard@icloud.com,33315562454,GOLD,945.07,27.8,34,TARTE,True,02/01/2022 15:16,03/05/2023 10:18
297,Chloé,Simon,24,M,69007,CHLOÉSIMON@FREE.FR,33727424448,SILVER,934.52,54.97,17,TARTE,False,24/08/2022 14:53,17/11/2023 12:34
300,Ava,Green,43,M,69001,Agreen@orange.fr,33213582504,GOLD,528.72,13.56,39,TARTE,True,11/09/2029 11:27,19/12/2027 10:34
316,Alexander,Garcia,41,M,69007,ALEXANDERG@ORANGE.FR,33847137675,GOLD,551.24,27.56,20,TARTE,False,21/02/2021 14:08,27/12/2023 13:29
338,Ethan,Clark,30,F,69006,Ethanc@outlook.com,+964 (725)-318-2612,GOLD,569.63,21.91,26,TARTE,True,04/07/2027 15:20,15/03/1931 16:43
339,Ava,Petit,30,M,69006,AVA_PETIT@FREE.FR,33482525065,SILVER,782.26,782.26,1,TARTE,False,15/10/2026 10:21,20/06/2023 9:39
341,Mia,Durand,68,F,69001,MIADURAND@GMAIL.COM,33918744953,BASIC,613.24,38.33,16,TARTE,True,21/08/2021 10:15,04/01/2023 14:01
342,Finn,Baker,60,U,69001,FINN.BAKER@WANADOO.FR,33232223222,BASIC,333.89,10.12,33,TARTE,True,22/04/2031 12:16,06/03/2023 15:32
344,Hannah,Moore,23,M,69002,Hannah_moore@yahoo.com,33901027772,BASIC,396.53,39.65,10,TARTE,False,27/02/2023 12:13,03/06/2023 14:39
352,Amelia,Smith,24,F,69001,amelia_smith@laposte.net,33984647995,GOLD,877.47,18.67,47,TARTE,False,14/11/2021 11:15,10/03/1934 12:42
356,Thomas,Schmidt,65,M,69003,THOMASS@WEB.DE,33784616395,SILVER,559.03,18.63,30,TARTE,True,27/06/2022 15:29,19/03/2023 16:10
366,Noah,Garcia,24,F,69006,NOAH.GARCIA@LAPOSTE.NET,33738820642,BASIC,876.68,33.72,26,TARTE,False,27/03/2028 10:54,14/08/2023 9:11
373,Sophie,Martin,45,M,69007,sophiem@protonmail.com,33448621658,BASIC,228.57,6.01,38,TARTE,False,25/10/2021 14:48,21/03/1994 11:52
377,Ethan,Scott,52,F,69007,Escott@yandex.com,33492236814,SILVER,1187895.1,38.93,17,TARTE,False,01/05/2014 10:53,18/07/2094 12:45
390,Emma,Wilson,59,F,69002,Emmaw@orange.fr,+2515644243491,GOLD,314.43,15.72,20,TARTE,True,22/10/2013 11:00,29/08/2014 13:48
398,Oliver,Taylor,29,M,69002,OLIVERT@YANDEX.COM,33345474886,BASIC,728.28,17.76,41,TARTE,False,08/03/2016 12:52,08/11/2023 14:35
424,Henry,Müller,54,F,69003,HENRY.MÜLLER@GMAIL.COM,33234873653,BASIC,743.39,371.69,2,TARTE,True,21/12/2021 16:18,18/04/2023 11:22
435,Lucas,Brown,59,U,69007,lucas_brown@yahoo.com,8,GOLD,71.41,35.7,2,TARTE,True,06/08/2022 10:29,16/04/2023 16:12
458,Mia,Weber,31,M,69001,Miaw@hotmail.com,+1661759166293,SILVER,203.11,823.6,35,TARTE,True,27/08/2030 12:50,02/01/2023 14:09
479,Liam,Martinez,59,M,69006,liam_martinez@outlook.com,33854252854,BASIC,518.39,11.78,44,TARTE,True,08/03/2007 14:13,19/03/2023 14:08
482,Jack,Lewis,38,F,69003,jack_lewis@outlook.com,33297386700,BASIC,116.59,3.24,36,TARTE,False,04/05/1926 10:47,21/09/2023 10:31
495,Ava,Wright,45,F,69003,AVAW@GMX.DE,33711602506,GOLD,532.55,19.72,27,TARTE,False,24/08/2023 15:36,17/11/2023 10:49
496,Amélie,Thomas,22,M,69001,Améliet@gmx.de,33363473905,SILVER,737.33,43.37,17,TARTE,False,27/01/2022 11:20,28/01/2031 11:25
503,James,Robinson,70,F,69006,jamesrobinson@yandex.com,33702997644,GOLD,281.56,56.31,5,TARTE,False,23/01/2004 15:51,11/12/2015 14:39
510,Lukas,Miller,51,U,69001,lukasm@hotmail.com,33750260138,GOLD,502.05,14.34,35,TARTE,False,24/05/2021 12:58,15/12/2023 10:03
511,Alexander,Hoffmann,32,F,69007,ahoffmann@web.de,33648867108,SILVER,280.46,10.79,26,TARTE,True,26/06/2082 15:53,30/04/2043 14:09
519,William,Anderson,86,M,69007,williama@wanadoo.fr,33578281560,BASIC,142.44,4.91,29,TARTE,False,09/10/2022 13:09,17/11/2023 16:45
525,Emma,Schneider,45,U,69007,EMMASCHNEIDER@WEB.DE,+7053163960117,BASIC,963.71,35.69,27,TARTE,True,12/12/2021 16:57,14/11/1914 12:59
534,Ava,Laurent,44,F,69006,ava.laurent@gmx.de,33793781573,SILVER,566.01,22.64,25,TARTE,True,13/05/2026 9:31,24/05/2023 9:42
537,Finn,Young,60,M,69003,finn.young@gmx.de,33849436461,GOLD,749.79,2314.6,46,TARTE,False,15/04/2021 16:19,24/03/2023 11:35
549,Lukas,Wagner,52,M,69007,Lwagner@orange.fr,33754609716,BASIC,503.6,29.62,17,TARTE,False,10/09/1938 10:51,13/12/2023 11:13
561,Noah,Hoffmann,43,F,69003,NHOFFMANN@WEB.DE,33698042561,BASIC,1157236.5,6103.16,15,TARTE,True,15/02/2027 10:36,29/03/1921 9:24
567,Olivia,Meyer,67,U,69003,olivia_meyer@yahoo.com,33553897916,BASIC,156.11,12.01,13,TARTE,True,27/12/2023 16:55,27/05/2023 14:20
572,Ethan,Johnson,61,M,69001,Ethanjohnson@yandex.com,27557,SILVER,752.3,30.09,25,TARTE,True,28/08/2022 9:43,26/02/2023 10:46
577,Chloe,Scott,35,M,69007,CHLOE.SCOTT@WEB.DE,33408673535,BASIC,907.31,20.16,45,TARTE,False,18/09/2023 12:10,14/01/2027 10:46
582,Charlotte,Lewis,45,U,69007,CHARLOTTE_LEWIS@GMAIL.COM,0,BASIC,527.05,47.91,11,TARTE,True,12/10/2023 16:36,27/10/1974 12:01
585,Amelia,Jackson,57,F,69003,Amelia_jackson@outlook.com,33516809301,SILVER,863.05,18.36,47,TARTE,True,17/10/1948 12:48,24/02/2023 14:15
602,Emma,Robinson,45,F,69001,Emmar@web.de,0,GOLD,402.88,8.06,50,TARTE,True,12/10/2030 12:05,12/05/2023 10:13
614,Finn,Richard,33,F,69006,Frichard@free.fr,0,GOLD,841.37,16.83,50,TARTE,False,15/09/2022 11:52,08/12/2023 13:48
629,Marie,Fischer,31,F,69002,MFISCHER@YANDEX.COM,33172141524,GOLD,163.4,163.4,1,TARTE,False,04/04/2023 14:40,22/01/2023 10:59
631,Louis,Walker,42,F,69003,LWALKER@FREE.FR,0,GOLD,518.56,2230.82,33,TARTE,False,02/03/2025 11:00,05/03/2023 12:26
642,Sophia,Moore,35,M,69002,SOPHIA_MOORE@ICLOUD.COM,0,SILVER,789.88,87.76,9,TARTE,False,05/11/2022 13:20,22/03/2042 9:45
654,Hannah,Schmidt,44,M,69007,hannahs@yandex.com,33447949090,SILVER,630.36,63.04,10,TARTE,False,25/02/2013 16:12,11/11/2023 11:27
659,Paul,Hoffmann,69,F,69002,Paulhoffmann@hotmail.com,+990 (557)-663-4219,SILVER,580.22,14.51,40,TARTE,False,30/01/2032 15:19,02/06/2030 11:52
665,Thomas,Bernard,49,F,69001,THOMAS_BERNARD@GMAIL.COM,33677997814,BASIC,428.73,11.28,38,TARTE,False,16/04/2021 14:04,12/02/2026 10:11
668,Oliver,White,55,F,69001,oliverw@wanadoo.fr,33650377311,BASIC,69.73,13.95,5,TARTE,True,20/01/2021 9:12,12/02/2023 11:27
690,Finn,Schulz,56,M,69006,finn.schulz@mail.com,+5406002775965,BASIC,912.22,39.66,23,TARTE,False,05/08/2011 10:55,26/12/2023 14:25
694,Henry,Simon,52,M,69002,HENRY.SIMON@PROTONMAIL.COM,33391621969,SILVER,665.45,1928.36,49,TARTE,False,02/07/2021 10:23,31/05/1938 16:44
714,Emily,Bernard,64,U,69002,EMILYB@ORANGE.FR,0,GOLD,789.2,16.79,47,TARTE,True,29/03/2046 16:11,23/03/2023 16:41
718,Sophia,Johnson,62,F,69002,sophia_johnson@hotmail.com,33719937265,BASIC,322.42,7.68,42,TARTE,True,03/04/2023 13:52,18/04/1996 15:05
723,Harper,Scott,46,M,69002,Harper.scott@web.de,33163413054,BASIC,518.8,17.89,29,TARTE,False,19/07/2019 14:17,09/08/2030 13:03
724,Ethan,Becker,23,M,69006,ethan.becker@mail.com,33818990669,GOLD,770.82,20.83,37,TARTE,False,19/06/2015 16:34,14/11/2023 12:11
735,Paul,Petit,23,F,69007,PAULPETIT@ICLOUD.COM,33142164594,GOLD,708.18,17.27,41,TARTE,False,06/10/2021 15:09,16/06/1977 10:44
741,Thomas,Thomas,44,U,69003,Thomas_thomas@yandex.com,0,GOLD,647.73,14.72,44,TARTE,True,08/08/2022 10:10,21/03/2023 11:50
757,Olivia,Harris,18,M,69007,Oharris@hotmail.com,33554398186,SILVER,173.59,6.2,28,TARTE,False,08/05/1944 16:28,30/11/2030 15:30
761,Harper,Garcia,24,F,69001,harper.garcia@mail.com,33937327207,BASIC,463.66,13.64,34,TARTE,True,11/08/2019 12:20,05/08/2023 15:59
773,Paul,Becker,25,F,69001,paulb@yandex.com,33883049480,BASIC,150.15,16.68,9,TARTE,False,21/05/2020 10:41,15/09/2030 11:52
777,Lukas,Walker,48,F,69003,Lukas_walker@hotmail.com,33750441195,SILVER,205.4,25.68,8,TARTE,True,27/03/2070 11:37,20/11/2014 10:27
784,Hugo,Wilson,28,F,69003,Hwilson@free.fr,1,BASIC,246.74,5.61,44,TARTE,False,12/08/2023 13:20,11/06/2023 14:16
791,Isabella,Simon,61,F,69001,Isabellasimon@mail.com,33681815673,BASIC,955.35,136.48,7,TARTE,False,28/09/2030 14:48,20/09/2026 16:13
801,Ava,Leroy,27,M,69003,Ava_leroy@free.fr,33509759270,BASIC,546.23,14.37,38,TARTE,True,23/06/2022 14:16,23/06/2024 13:22
803,Mia,Dubois,40,U,69006,Miad@wanadoo.fr,33988083857,GOLD,380.96,7.77,49,TARTE,True,03/09/1977 14:03,20/09/2017 10:25
809,James,Richard,64,U,69001,JRICHARD@YAHOO.COM,33164474504,SILVER,513.47,23.34,22,TARTE,True,26/09/2022 11:14,07/08/1948 11:09
813,Amelia,Hall,45,F,69003,Ameliah@gmail.com,33911870940,SILVER,392.6,26.17,15,TARTE,True,12/08/2016 14:17,14/04/1991 13:30
124,Marie,Müller,47,F,69002,MARIEM@ORANGE.FR,33452993536,SILVER,724.87,241.62,3,,False,06/03/1942 11:07,12/11/2022 11:39
250,Emily,Green,47,M,69006,EGREEN@MAIL.COM,(5,GOLD,941.94,26.17,36,,False,25/08/2023 14:12,07/12/2023 15:49
253,Leon,Robinson,44,U,69002,leon.robinson@icloud.com,33819729249,SILVER,185.38,5.98,31,,True,12/04/2023 11:52,07/02/2023 13:21
266,Hannah,Garcia,51,F,69001,hgarcia@orange.fr,+860 (368)-727-1405,BASIC,426.09,14.69,29,,False,20/07/2022 14:10,02/08/1906 13:39
267,Harry,Meyer,44,F,69007,HARRY.MEYER@YAHOO.COM,+229 (930)-681-4699,BASIC,79.13,5.65,14,,False,02/07/2021 9:57,19/10/2016 9:30
269,James,Anderson,18,M,69001,janderson@hotmail.com,0,SILVER,144.99,6.04,24,,False,03/11/2018 11:50,18/08/2030 9:18
273,Emma,Martin,56,F,69007,EMMA.MARTIN@ORANGE.FR,33745893044,GOLD,595.12,12.15,49,,True,01/09/2021 13:10,22/09/1999 10:41
275,Sophie,Schneider,41,U,69002,Sophies@outlook.com,33149857573,SILVER,384.89,15.4,25,,False,31/08/2029 13:36,22/08/2023 14:55
286,Mason,Jackson,27,M,69002,MASONJACKSON@YAHOO.COM,33973790061,BASIC,261.04,6.53,40,,True,26/08/2021 11:54,24/12/2014 10:49
288,Noah,Clark,52,F,69006,Noahc@mail.com,33801304933,BASIC,142.97,9.53,15,,False,14/05/1952 13:16,14/05/1904 16:21
303,Finn,Robinson,84,M,69006,finnr@mail.com,33158449447,BASIC,158.52,4.28,37,,True,25/02/2022 11:11,02/05/2023 10:25
307,Henry,Leroy,56,F,69001,henry.leroy@icloud.com,33780500271,BASIC,457.43,14.76,31,,True,12/02/2021 11:40,07/02/1989 10:09
308,James,Weber,66,F,69001,JWEBER@ORANGE.FR,0,BASIC,771.6,32.15,24,,False,21/05/1957 16:02,10/12/1901 10:43
317,Thomas,Meyer,48,U,69003,Thomasm@icloud.com,33952732148,BASIC,320.55,7.45,43,,False,20/06/2023 9:17,18/07/2023 14:08
328,Emily,Becker,51,F,69001,EMILY_BECKER@OUTLOOK.COM,33965951445,GOLD,200.88,18.26,11,,True,12/05/2021 14:12,13/04/2019 16:09
334,Sophie,Laurent,58,F,69007,SOPHIEL@YANDEX.COM,33900808839,BASIC,494.24,22.47,22,,False,09/09/1934 12:20,22/11/2020 9:57
335,Léa,Brown,56,M,69006,LÉA.BROWN@FREE.FR,,GOLD,128.58,6.43,20,,False,15/05/2023 14:16,27/11/2023 11:52
336,Chloé,Jackson,49,M,69002,chloéj@gmail.com,33579963684,BASIC,992.76,5221.34,27,,False,30/12/1953 16:51,05/07/2023 15:06
340,Amélie,Wilson,44,M,69007,amélie_wilson@laposte.net,33639933335,BASIC,1150415.5,12.82,50,,False,06/03/2023 14:52,26/01/2017 11:39
343,Chloe,Schulz,67,F,69003,Chloes@orange.fr,33248359200,SILVER,636435.2,17.73,20,,False,14/06/2017 16:31,21/10/2023 13:19
349,Paul,Wagner,45,M,69003,Pwagner@free.fr,33372035259,GOLD,804.79,16.42,49,,False,08/05/2022 15:09,14/12/2023 11:50
358,Marie,Weber,19,M,69002,mariew@web.de,33780417584,GOLD,268.9,15.82,17,,True,25/01/2022 10:24,02/02/1990 9:10
360,Louis,Miller,46,M,69001,lmiller@yahoo.com,33575113070,BASIC,254.08,7.06,36,,False,28/05/2021 16:44,28/07/2030 12:32
362,Liam,Harris,62,M,69007,LIAMH@LAPOSTE.NET,33947727254,SILVER,472.42,67.49,7,,True,19/08/2027 9:24,17/04/2023 12:49
365,Jack,Richard,68,M,69006,jrichard@orange.fr,33113361145,GOLD,568.77,24.73,23,,False,15/01/2030 16:54,15/08/2023 12:46
395,Thomas,Wright,57,M,69001,thomasw@protonmail.com,33431419412,BASIC,654.94,13.37,49,,False,10/03/2023 15:25,07/11/2023 15:16
405,Noah,Allen,18,M,69007,noaha@protonmail.com,33816213071,SILVER,852.43,44.86,19,,False,23/02/2022 13:20,11/06/2023 11:41
409,Leon,Dubois,45,F,69006,LDUBOIS@ICLOUD.COM,33458630475,SILVER,1126488.15,24.14,26,,False,30/09/2025 15:12,08/06/2023 11:53
415,Harper,Richard,46,M,69001,HARPERR@WEB.DE,33727532267,BASIC,941.49,20.47,46,,True,31/08/1935 13:50,22/01/2023 9:14
421,Chloe,White,59,F,69003,Chloew@orange.fr,33267024979,GOLD,403.17,16.8,24,,False,12/12/2022 13:07,04/11/2014 16:01
422,Hannah,Johnson,49,F,69002,HANNAHJOHNSON@FREE.FR,33395792806,BASIC,863.01,33.19,26,,False,02/03/2022 16:53,26/07/2026 9:38
425,James,Schneider,50,M,69002,Jschneider@yahoo.com,33654022164,SILVER,542.58,11.07,49,,True,25/02/2041 14:42,23/01/2023 13:05
427,Paul,Scott,29,M,69001,PAULSCOTT@FREE.FR,33903660327,BASIC,770.63,24.08,32,,True,03/10/2023 14:34,27/11/2016 11:34
439,Hugo,Petit,57,F,69007,Hugo_petit@gmail.com,33838917169,BASIC,953.89,29.81,32,,False,04/05/2023 11:59,05/11/2023 12:43
441,William,Durand,37,M,69002,WILLIAM.DURAND@FREE.FR,33644080252,SILVER,465.01,13.68,34,,True,02/01/2096 11:23,17/07/2013 12:03
451,Sophie,King,44,M,69001,SOPHIEKING@LAPOSTE.NET,33480347370,SILVER,502.54,17.95,28,,True,13/04/2022 11:26,13/04/2023 10:31
463,Henry,Moreau,29,F,69003,henrymoreau@free.fr,33441225069,SILVER,334.48,41.81,8,,False,14/07/2020 11:58,11/07/2023 10:28
473,Thomas,Martin,67,F,69006,tmartin@wanadoo.fr,33833280902,GOLD,226259.75,12.61,10,,True,25/03/1992 11:40,14/03/2023 15:54
475,Marie,Schneider,24,M,69003,Maries@gmx.de,33285242002,SILVER,900.66,37.53,24,,False,21/09/1961 16:26,14/10/2023 11:55
483,Noah,Walker,64,F,69001,noahw@yandex.com,33744308588,GOLD,261.73,7.27,36,,True,08/10/2020 15:23,25/04/2023 14:45
489,Olivia,Petit,24,F,69007,Oliviap@protonmail.com,33428501727,BASIC,846.39,60.46,14,,True,12/07/2022 13:59,22/11/2029 13:26
500,Hannah,Green,67,F,69006,hannahgreen@mail.com,33545243619,BASIC,194.75,7.21,27,,False,09/01/2029 15:38,01/10/2023 16:03
512,Thomas,Harris,40,F,69003,thomas_harris@outlook.com,33906730670,SILVER,231.88,16.56,14,,False,28/06/2021 10:41,14/08/2023 9:21
532,Harper,Lewis,43,M,69001,harperlewis@gmail.com,33505462161,BASIC,216.04,30.86,7,,False,22/10/1998 15:50,09/08/2023 15:23
535,Amélie,Brown,37,F,69001,Amélie_brown@laposte.net,33771284261,SILVER,558.58,16.93,33,,False,07/02/2021 11:27,25/02/1953 13:58
559,Mason,Dubois,45,F,69006,MASONDUBOIS@FREE.FR,33386469453,BASIC,556.65,185.55,3,,False,13/08/2068 10:08,02/01/2083 15:01
560,Jack,Miller,23,M,69003,jmiller@icloud.com,33458515118,BASIC,655.53,81.94,8,,False,26/12/2013 16:23,18/02/2033 10:38
565,Leon,Richard,41,M,69001,lrichard@outlook.com,33858647558,SILVER,127.38,7.96,16,,False,13/10/2013 10:23,06/12/2023 9:19
569,Léa,Anderson,40,U,69002,Léa.anderson@free.fr,33730391556,GOLD,901395.15,13.95,36,,True,15/11/2023 10:20,01/07/2020 16:37
599,Noah,Green,32,U,69002,NOAH_GREEN@MAIL.COM,33902192358,SILVER,498.75,83.12,6,,True,19/01/2041 14:53,18/04/2023 14:00
612,Amélie,Moreau,32,M,69007,amoreau@web.de,33387634443,SILVER,296.55,2476.48,17,,True,02/10/1952 14:30,11/02/1985 16:11
613,Mia,Adams,18,F,69001,Madams@icloud.com,33534759827,BASIC,588.25,15.08,39,,False,06/03/2095 10:51,19/01/2014 11:43
617,Harry,Bernard,40,F,69001,Harrybernard@free.fr,33784157854,BASIC,692.26,2137.1,46,,False,18/07/2021 16:38,25/06/2059 11:56
621,Paul,Johnson,67,F,69003,Paul.johnson@orange.fr,33635046205,SILVER,55.11,4.24,13,,False,04/06/2022 9:16,13/06/2023 9:36
624,Sophie,Robert,32,M,69006,sophie.robert@web.de,+2957511717549,BASIC,913.92,24.05,38,,True,21/10/2022 13:36,09/07/2013 15:26
648,Ethan,Green,23,F,69006,ethan.green@yandex.com,33499350782,BASIC,904.65,4758.42,27,,False,11/07/1902 9:28,12/05/2023 15:47
651,Mia,Robinson,51,M,69007,Miar@protonmail.com,33579698031,BASIC,344.71,28.73,12,,True,03/12/2021 13:42,01/06/2023 13:54
664,Alexander,Meyer,22,F,69006,Alexander.meyer@yandex.com,33325586084,BASIC,124.75,2.97,42,,True,25/03/2094 15:43,13/04/2023 13:59
666,Lucas,Anderson,38,F,69002,LANDERSON@GMX.DE,33978408497,BASIC,544.71,27.24,20,,False,18/03/2041 16:20,05/09/2015 13:26
676,Emily,Martinez,45,F,69001,Emily_martinez@hotmail.com,0,SILVER,600.91,12.79,47,,True,01/10/2030 14:59,21/11/2032 16:45
678,Emma,Fischer,45,F,69006,EMMA.FISCHER@HOTMAIL.COM,0,GOLD,772.57,35.12,22,,True,21/07/2023 14:09,23/03/2023 9:45
680,Sophia,Walker,42,M,69007,sophia.walker@laposte.net,33151115735,SILVER,864.47,36.02,24,,True,25/09/2022 15:51,15/07/1915 13:13
695,James,Taylor,45,M,69002,jamest@protonmail.com,33838470371,BASIC,1585559.4,20.08,44,,False,24/10/1902 9:56,26/09/1900 16:42
697,Paul,Green,43,M,69001,Paul_green@protonmail.com,33685461241,GOLD,629.29,69.92,9,,False,23/04/2029 12:10,02/05/2053 9:03
706,Oliver,Miller,57,F,69003,oliverm@hotmail.com,)-9,SILVER,847.27,282.42,3,,True,07/01/2075 9:50,15/06/1959 10:29
711,Mason,Richard,51,M,69002,Mason_richard@web.de,0,GOLD,309.58,9.99,31,,False,15/03/2022 9:45,04/09/2023 12:54
712,Jack,Garcia,69,M,69001,jack_garcia@mail.com,+817 (805)-865-3895,GOLD,121.35,2.43,50,,False,05/05/2022 16:13,30/05/1995 12:01
733,James,Young,32,F,69002,JYOUNG@OUTLOOK.COM,33705296107,SILVER,228.47,12.69,18,,False,04/05/2023 12:34,26/06/2023 13:02
746,Hugo,King,26,M,69003,HKING@OUTLOOK.COM,0,GOLD,99.91,322.34,44,,False,18/10/2028 16:55,24/10/1903 13:17
748,William,Robinson,52,M,69002,Wrobinson@yandex.com,+180 (677)-148-1539,GOLD,659016.3,11.13,33,,False,16/03/1997 14:50,26/10/2023 16:37
753,Isabella,Weber,44,M,69002,isabella.weber@orange.fr,33772649331,SILVER,399.16,9.98,40,,False,04/11/2021 9:43,12/06/2023 16:40
766,Finn,White,43,M,69002,FINN_WHITE@OUTLOOK.COM,+803 (222)-723-8578,BASIC,373.08,10.66,35,,True,28/12/2012 16:54,04/01/2023 15:01
782,Oliver,Clark,68,F,69006,oliver.clark@yandex.com,33565450010,GOLD,106.86,3.34,32,,False,29/11/2062 14:14,12/09/2014 11:09
787,Mason,Schulz,63,M,69002,Mason.schulz@gmx.de,33755246705,GOLD,441.41,16.35,27,,False,17/05/2013 11:59,01/11/2023 10:32
792,Emma,Taylor,39,F,69007,etaylor@icloud.com,33901957946,SILVER,985.41,31.79,31,,True,25/06/2023 15:48,27/05/2023 13:43
793,Leon,Wagner,41,F,69007,Leon.wagner@orange.fr,33815263818,BASIC,462.02,14.9,31,,True,01/02/2022 16:06,20/02/2009 15:39
797,Léa,Robinson,20,F,69002,léar@web.de,33387023621,BASIC,645.18,20.81,31,,True,24/02/2057 10:46,31/08/1920 12:40
806,Hannah,Harris,67,M,69002,hannahh@wanadoo.fr,33613477526,BASIC,934871.9,11.32,46,,False,17/03/2020 11:45,18/08/2023 15:28
811,Paul,Meyer,58,M,69002,Paulm@icloud.com,68,BASIC,200.68,6.47,31,,False,31/01/1926 10:18,12/01/2029 9:08
814,Sophie,White,25,M,69006,sophie_white@gmail.com,33808158106,GOLD,336.31,8.41,40,,False,05/08/2019 16:03,18/02/2085 10:30
102,Chloé,Smith,31,F,69006,CSMITH@HOTMAIL.COM,0,GOLD,744.21,4403.42,24,BREAD,False,15/01/2074 16:27,17/09/1902 9:22
105,Ava,Allen,50,F,69006,Ava.allen@hotmail.com,33267246001,SILVER,629.48,16.57,38,BREAD,True,16/03/2000 13:06,18/05/2023 9:29
106,Amélie,Schmidt,45,F,69003,Amélie.schmidt@protonmail.com,33410798418,GOLD,776.1,38.8,20,BREAD,False,18/11/2023 10:57,10/01/2029 9:40
116,Benjamin,Garcia,59,F,69001,Benjamin_garcia@protonmail.com,33844144576,BASIC,713.8,18.3,39,BREAD,True,01/02/2025 12:37,10/09/2023 9:38
119,Sophie,Anderson,33,M,69003,SOPHIE.ANDERSON@FREE.FR,33355106205,BASIC,507.18,56.35,9,BREAD,True,24/09/2023 15:31,06/12/1900 16:30
122,Thomas,Johnson,21,M,69003,thomasj@orange.fr,33940215217,BASIC,160.38,5.17,31,BREAD,False,07/11/2023 12:43,30/07/2079 10:04
123,Lucas,Martin,45,M,69003,LUCAS_MARTIN@FREE.FR,33659507525,GOLD,248.04,22.55,11,BREAD,False,20/10/2022 10:40,08/09/2023 9:51
146,Mia,Thomas,52,M,69007,mia_thomas@orange.fr,33159115971,SILVER,108.22,2.21,49,BREAD,True,19/06/2037 13:41,02/09/2023 15:27
155,Benjamin,Allen,45,M,69001,benjamin_allen@yahoo.com,33447016493,BASIC,266.39,15.67,17,BREAD,False,26/07/2019 14:10,06/01/2023 16:12
156,Emma,Schmidt,66,F,69001,EMMA_SCHMIDT@OUTLOOK.COM,33572120136,GOLD,682.74,62.07,11,BREAD,False,04/08/2030 10:17,02/09/2015 16:51
167,Liam,Meyer,28,M,69003,LIAM.MEYER@WEB.DE,33666083986,SILVER,904.08,27.4,33,BREAD,True,29/10/2012 12:44,26/02/2014 14:19
172,Emily,Johnson,60,M,69006,EMILY_JOHNSON@LAPOSTE.NET,33143055569,SILVER,518.02,21.58,24,BREAD,True,24/11/2023 13:24,03/01/2023 10:09
178,Sophie,Becker,75,M,69001,SBECKER@HOTMAIL.COM,33221671325,BASIC,732.94,73.29,10,BREAD,False,17/09/2022 14:40,12/10/2023 10:10
182,Ethan,Lewis,45,M,69003,ethan_lewis@web.de,33624131406,GOLD,1474772,74.69,11,BREAD,True,25/11/2022 13:46,05/12/2023 10:57
185,Mia,Brown,43,U,69002,Mbrown@yandex.com,+307 (926)-910-7111,SILVER,933.07,31.1,30,BREAD,True,19/11/2022 13:08,07/07/2023 9:20
187,Chloe,Young,25,M,69002,chloey@icloud.com,33530113611,SILVER,297.5,12.4,24,BREAD,False,15/04/2025 14:44,24/09/2081 9:55
188,Hannah,Clark,54,M,69006,hannah.clark@laposte.net,5,BASIC,875.03,18.62,47,BREAD,True,06/02/2023 9:28,11/01/2023 12:55
199,Alexander,Wagner,45,F,69001,alexander.wagner@laposte.net,33992597299,GOLD,107.45,3.07,35,BREAD,False,06/01/2022 14:48,10/10/2023 9:31
200,Thomas,Green,59,M,69007,tgreen@outlook.com,33771410493,GOLD,375693.5,5.37,39,BREAD,False,27/03/2032 12:59,25/02/1929 14:44
206,Liam,Schmidt,45,U,69006,liam_schmidt@yandex.com,33375328489,SILVER,579.02,32.17,18,BREAD,False,07/12/2021 13:16,12/01/1948 14:14
216,Olivia,Garcia,49,F,69003,oliviag@mail.com,33158521062,GOLD,702096.3,10.87,36,BREAD,False,11/09/2019 11:11,22/01/2023 10:26
220,Harper,Hall,53,F,69002,hhall@yandex.com,33355919543,GOLD,616.3,15.03,41,BREAD,True,29/11/2012 12:21,04/02/2023 15:31
227,Hannah,Scott,67,F,69007,hannahs@mail.com,33320474102,BASIC,729.27,31.71,23,BREAD,False,24/11/2028 12:00,17/09/2023 9:12
229,Henry,Martinez,70,F,69002,henry_martinez@yahoo.com,33925697504,SILVER,110.39,6.49,17,BREAD,False,11/06/2022 11:02,03/02/2021 15:26
237,Lukas,Young,50,U,69006,Lukas.young@hotmail.com,33134730234,BASIC,75.6,5.82,13,BREAD,True,02/03/2021 14:49,18/03/2023 12:27
241,Marie,Durand,52,M,69006,Mdurand@outlook.com,33665996876,GOLD,436.29,11.79,37,BREAD,True,23/04/1927 15:51,26/12/2075 12:27
247,Mason,Simon,24,M,69007,Msimon@free.fr,33507121309,BASIC,165.84,9.21,18,BREAD,False,07/10/2021 11:53,20/11/1981 15:33
249,Noah,Wagner,45,F,69003,Noahwagner@gmx.de,33682866690,GOLD,235.49,235.49,1,BREAD,False,18/06/2021 9:30,16/11/2019 10:57
260,Ethan,Miller,48,M,69007,Ethan_miller@wanadoo.fr,33115943417,BASIC,265.22,9.15,29,BREAD,False,19/12/2022 14:39,20/06/2023 16:15
274,Amelia,Müller,45,F,69001,AMELIA.MÜLLER@WANADOO.FR,33437759838,BASIC,114.11,3.17,36,BREAD,False,28/05/2029 15:24,23/02/2023 11:48
296,Léa,Thomas,24,M,69007,léathomas@yandex.com,33327239432,GOLD,421.65,3991.62,15,BREAD,False,20/09/2019 11:42,04/10/2035 16:20
301,Amélie,King,83,F,69002,amélie.king@yahoo.com,33752648219,BASIC,997.01,19.94,50,BREAD,True,24/11/2023 15:59,23/06/2064 15:27
310,Paul,Miller,48,F,69007,PAULMILLER@OUTLOOK.COM,33536118180,SILVER,810.88,40.54,20,BREAD,True,11/08/2023 10:46,25/01/2023 9:26
313,Amelia,Moreau,52,M,69002,ameliamoreau@orange.fr,33848619707,GOLD,427.58,61.08,7,BREAD,False,06/11/2019 9:12,07/08/2023 13:48
318,Lucas,Bernard,43,M,69007,lucas_bernard@gmx.de,33364468608,GOLD,944.62,22.49,42,BREAD,False,09/01/2021 9:10,27/08/2023 12:10
320,Oliver,Hall,43,F,69006,Oliverhall@web.de,+601664618121,SILVER,816.22,19.43,42,BREAD,False,04/08/2023 16:10,22/08/2028 11:36
350,Benjamin,Green,66,F,69007,benjamin.green@gmx.de,33458415418,BASIC,141.31,70.66,2,BREAD,False,25/07/2022 14:49,07/10/1916 13:04
363,William,Moreau,68,M,69003,william.moreau@outlook.com,33567283491,GOLD,393,13.55,29,BREAD,True,25/09/1931 12:56,27/02/2027 15:55
371,Sophia,White,38,F,69006,sophia.white@protonmail.com,33329678728,BASIC,908.85,18.18,50,BREAD,False,04/02/2029 16:52,22/08/1960 10:28
388,Paul,Clark,29,M,69003,Paulc@orange.fr,33558389793,SILVER,543.52,2967.8,26,BREAD,False,02/12/2022 14:15,13/10/2023 11:17
393,Lukas,Schulz,23,F,69006,lschulz@icloud.com,33320011157,BASIC,105.88,3.31,32,BREAD,False,09/06/2016 9:47,24/10/2023 12:44
413,Léa,Moreau,54,F,69007,Léa_moreau@icloud.com,33609767415,SILVER,121.08,5.04,24,BREAD,False,27/11/2022 14:51,28/08/2032 16:33
416,Ethan,Garcia,45,M,69003,egarcia@wanadoo.fr,33864174274,BASIC,300.44,75.11,4,BREAD,True,21/10/2027 14:57,05/09/2023 14:50
418,Amélie,Bernard,31,M,69002,améliebernard@gmail.com,+672 (623)-161-6198,SILVER,673.17,5973.94,16,BREAD,False,10/07/2017 12:23,24/05/1985 10:45
420,Finn,Hall,55,M,69007,FINN_HALL@YAHOO.COM,33569781000,BASIC,602.14,14.69,41,BREAD,True,25/10/2022 11:22,25/08/2023 9:01
437,Oliver,Young,67,M,69006,oyoung@wanadoo.fr,33908193819,SILVER,798.34,19.47,41,BREAD,False,16/08/2022 12:56,12/01/2016 14:14
448,Leon,Taylor,63,F,69007,LEONT@MAIL.COM,33312383880,GOLD,166.76,33.35,5,BREAD,True,01/12/2027 12:35,19/06/2026 15:37
452,Léa,Smith,25,U,69006,léa_smith@protonmail.com,+8656753044112,SILVER,387.77,15.51,25,BREAD,True,26/06/2023 16:56,02/01/2023 14:57
454,Harper,Rodriguez,53,F,69006,harperr@orange.fr,33817948157,BASIC,1120941.6,12.49,50,BREAD,False,26/10/1982 14:16,01/07/2028 16:56
467,Benjamin,Meyer,19,U,69001,Benjamin.meyer@web.de,+55 (670)-466-3676,BASIC,763.95,190.99,4,BREAD,False,09/07/2013 13:34,15/09/2023 10:55
477,Louis,Scott,90,F,69006,louis.scott@laposte.net,33682531643,SILVER,738.44,2688.06,39,BREAD,True,01/02/2023 13:15,11/06/1964 13:36
490,Sophie,Wilson,59,M,69002,sophiew@mail.com,33152198575,SILVER,642.64,13.97,46,BREAD,True,17/05/2021 14:57,20/05/2023 16:19
514,Marie,Adams,67,M,69001,MARIE.ADAMS@YAHOO.COM,33476872139,SILVER,260077.55,3.22,45,BREAD,False,19/04/2022 10:42,24/11/2023 12:49
518,Liam,Bernard,41,U,69006,liamb@hotmail.com,0,BASIC,208.32,6.51,32,BREAD,True,07/10/2020 15:20,25/12/1961 13:04
521,Jack,White,45,F,69007,jack.white@orange.fr,33829041047,GOLD,880.28,26.68,33,BREAD,False,06/12/2020 14:00,14/09/2026 11:09
536,Mia,Jackson,19,F,69001,miajackson@gmx.de,33490814338,GOLD,988.01,109.78,9,BREAD,False,04/12/2082 10:50,12/02/2023 16:05
551,Thomas,King,25,F,69001,THOMAS_KING@WEB.DE,33660232743,BASIC,193.56,16.13,12,BREAD,False,10/09/2015 12:42,19/08/2023 13:20
570,Chloé,Hall,67,M,69003,Chloé_hall@free.fr,33796950695,SILVER,934.04,46.7,20,BREAD,True,19/10/2017 16:58,02/09/2023 16:53
571,Harper,White,60,F,69006,harper_white@web.de,33765041028,GOLD,778.84,17.31,45,BREAD,False,13/07/2023 9:33,07/05/1985 14:09
584,Benjamin,Laurent,31,F,69007,benjaminlaurent@laposte.net,33490923455,BASIC,990.72,247.68,4,BREAD,False,15/10/2021 16:50,13/06/2023 16:46
587,Lukas,Clark,69,U,69001,LUKASCLARK@WEB.DE,33580253132,BASIC,707.4,2183.96,46,BREAD,True,27/04/2016 16:37,27/07/1978 16:53
591,Marie,Baker,45,M,69007,marie_baker@protonmail.com,33283627458,BASIC,819.4,273.13,3,BREAD,False,21/03/1936 10:59,11/07/2023 14:59
607,Léa,Weber,40,U,69003,Léaweber@yandex.com,+1553950168856,GOLD,932.75,21.69,43,BREAD,False,24/03/2021 15:24,11/03/2023 14:35
609,Harper,Miller,28,F,69003,harperm@outlook.com,33979351068,SILVER,452.1,9.42,48,BREAD,True,30/04/1975 9:49,05/02/1955 16:01
615,Chloe,Garcia,31,M,69001,chloegarcia@protonmail.com,33375707921,BASIC,414.32,1177.18,50,BREAD,False,25/02/2017 15:44,15/03/1915 13:45
616,Hannah,Meyer,50,M,69007,Hannahmeyer@protonmail.com,33120848987,SILVER,565.18,113.04,5,BREAD,True,28/09/2023 14:17,10/11/2023 12:15
618,Henry,Anderson,58,F,69001,henrya@laposte.net,33298219418,BASIC,515.13,515.13,1,BREAD,False,06/02/2015 10:08,25/10/2020 13:57
625,Lukas,Scott,65,M,69002,LUKAS_SCOTT@WANADOO.FR,+4542565319273,SILVER,984.68,36.47,27,BREAD,False,25/11/2022 13:28,02/06/2023 12:31
637,Noah,Petit,28,M,69002,NOAHP@GMX.DE,33841013622,BASIC,941.86,29.43,32,BREAD,True,26/11/2063 15:26,03/02/2023 15:45
645,Léa,Simon,51,M,69002,Léa_simon@free.fr,0,BASIC,470.09,17.41,27,BREAD,False,19/10/2023 9:32,22/11/2023 14:00
647,Harper,Wagner,34,F,69002,HARPERW@GMAIL.COM,33721647376,SILVER,1491106.5,415.35,2,BREAD,False,01/08/2023 9:42,16/11/2013 14:15
649,Ava,King,40,M,69007,Aking@web.de,33316996443,GOLD,722.52,14.45,50,BREAD,True,20/08/1962 12:14,04/05/1957 11:57
652,Finn,Rodriguez,38,M,69003,finnrodriguez@wanadoo.fr,33388606157,GOLD,311.67,2950.76,15,BREAD,True,12/03/2021 13:31,26/08/2017 14:01
653,Chloe,Allen,41,F,69007,CALLEN@FREE.FR,+5812151425185,SILVER,761.9,761.9,1,BREAD,True,22/12/2021 14:21,29/06/2068 15:23
657,James,Dubois,46,F,69002,jdubois@wanadoo.fr,33924528859,SILVER,864.61,23.37,37,BREAD,False,20/09/2031 9:27,05/01/2021 15:04
660,Benjamin,Harris,46,F,69001,BENJAMIN_HARRIS@WEB.DE,0,GOLD,1138083.85,126.81,5,BREAD,False,06/07/2023 15:08,22/11/2041 12:23
667,Marie,Hall,59,U,69003,marie_hall@gmx.de,0,GOLD,924.79,84.07,11,BREAD,True,09/04/2015 10:29,27/02/2023 14:23
671,Liam,Müller,29,F,69006,liamm@laposte.net,33988461205,GOLD,248.91,7.11,35,BREAD,True,01/04/2021 10:01,05/06/2023 15:28
683,Léa,Jackson,46,M,69003,ljackson@web.de,33479198153,BASIC,570.96,12.41,46,BREAD,False,20/07/2023 13:59,22/02/1910 12:36
686,Ethan,Petit,67,M,69003,ETHANP@ORANGE.FR,0,GOLD,971.71,48.59,20,BREAD,False,13/09/2022 13:29,02/08/2023 15:54
689,Mia,Baker,50,M,69001,mia.baker@gmail.com,33322845746,GOLD,277.25,7.92,35,BREAD,False,18/03/2013 16:51,17/07/2023 10:24
699,Amelia,Robinson,52,U,69003,AMELIA.ROBINSON@LAPOSTE.NET,+286 (238)-133-4149,BASIC,519.19,18.54,28,BREAD,True,09/12/1964 16:44,25/02/2023 14:34
702,Alexander,Schmidt,45,F,69006,ALEXANDER_SCHMIDT@ICLOUD.COM,33779921043,GOLD,715.67,715.67,1,BREAD,True,13/08/2021 13:54,26/01/2023 9:18
709,Liam,Moreau,26,F,69007,Liammoreau@gmx.de,+17 (596)-366-7735,BASIC,733.97,26.21,28,BREAD,False,05/03/2022 11:24,09/08/1915 15:56
727,Mia,Fischer,57,F,69002,MIAFISCHER@WEB.DE,33219014159,SILVER,280.78,18.72,15,BREAD,True,20/12/2021 13:55,10/04/2023 10:08
740,Alexander,Wright,45,F,69003,awright@protonmail.com,+35 (591)-109-3425,SILVER,822.16,24.91,33,BREAD,False,17/12/2009 10:35,15/12/2022 12:01
747,Liam,Smith,37,M,69007,lsmith@wanadoo.fr,2+-,GOLD,711.65,3062.94,33,BREAD,False,14/12/2021 11:59,18/08/2023 10:26
749,Mason,Rodriguez,51,F,69006,Masonrodriguez@gmail.com,33998627313,BASIC,590483.2,32.9,10,BREAD,False,19/12/2030 15:36,19/03/2054 13:34
754,Emma,Dubois,20,M,69003,Emmadubois@wanadoo.fr,33873543544,BASIC,225.75,56.44,4,BREAD,True,08/06/2022 11:52,17/10/2028 16:33
759,Léa,Adams,53,F,69006,Ladams@wanadoo.fr,33946615862,GOLD,852.91,19.38,44,BREAD,True,10/03/2021 12:22,04/01/2023 13:11
764,Amélie,Anderson,58,M,69003,amélieanderson@web.de,33191517125,SILVER,148.64,11.43,13,BREAD,True,27/09/1992 13:00,30/04/1920 10:04
765,Mia,Hall,24,F,69007,MIA.HALL@YANDEX.COM,33745027915,SILVER,835.23,46.4,18,BREAD,False,28/01/2017 13:19,11/07/2023 12:45
768,Hannah,Martin,62,F,69006,Hannahmartin@icloud.com,33373028613,GOLD,319.27,9.12,35,BREAD,False,14/08/1903 10:43,04/12/2023 16:31
776,Sophie,Lewis,19,M,69002,Sophiel@wanadoo.fr,33242037715,GOLD,732.93,17.88,41,BREAD,True,23/05/2021 12:47,26/05/2079 15:47
778,Alexander,Laurent,63,F,69002,ALEXANDER_LAURENT@FREE.FR,33307652694,SILVER,886.38,26.07,34,BREAD,False,24/08/2022 11:36,15/05/2030 14:26
786,William,Baker,50,F,69007,WILLIAMBAKER@WANADOO.FR,33294552329,BASIC,499.95,17.24,29,BREAD,True,07/02/2024 10:06,26/02/2023 14:09
790,Emily,Thomas,58,F,69001,emily_thomas@yahoo.com,33447484047,GOLD,866.49,39.39,22,BREAD,True,10/09/2022 13:29,05/03/2023 12:11
818,Lucas,Schneider,30,M,69002,lucas_schneider@wanadoo.fr,33586820685,GOLD,335.83,7.15,47,BREAD,False,19/06/2077 9:47,25/06/1996 12:12
819,Marie,Robert,48,M,69002,marierobert@gmail.com,33292134829,GOLD,123.93,4.27,29,BREAD,False,12/03/2022 9:49,16/11/2025 11:49
108,Finn,Weber,34,F,69003,finnw@laposte.net,33249004719,SILVER,455.76,455.76,1,PASTRIES,False,11/10/2016 15:07,13/12/2023 13:29
109,Chloe,Dubois,21,F,69007,Chloed@yahoo.com,33124046901,BASIC,579.15,115.83,5,PASTRIES,True,15/05/2023 12:56,26/12/2023 9:49
110,Hannah,Miller,28,F,69007,hmiller@web.de,6,SILVER,704.1,25.15,28,PASTRIES,False,06/08/2023 12:32,23/10/2040 14:58
115,Paul,Richard,25,F,69007,Paul.richard@yandex.com,33724009690,SILVER,566.45,15.31,37,PASTRIES,False,28/09/2019 13:49,29/03/2010 12:47
121,Alexander,White,49,M,69001,ALEXANDER_WHITE@ICLOUD.COM,33402406005,GOLD,708.7,78.74,9,PASTRIES,False,01/02/2025 12:34,13/12/2023 15:09
128,Liam,Becker,41,M,69002,Lbecker@gmail.com,33902788660,BASIC,854.2,17.08,50,PASTRIES,True,03/02/2021 15:04,28/05/2023 9:56
129,William,Martinez,36,F,69003,wmartinez@gmx.de,33694459920,SILVER,617.9,12.87,48,PASTRIES,False,25/07/2023 12:52,30/10/2019 12:12
136,Leon,Jackson,53,F,69003,leon.jackson@gmail.com,33841617689,SILVER,247.61,6.04,41,PASTRIES,False,17/10/2031 9:47,31/03/1948 13:12
145,Amélie,Wright,62,M,69002,AMÉLIE.WRIGHT@HOTMAIL.COM,33490953652,SILVER,147818.25,2.5,33,PASTRIES,False,13/03/2023 15:45,13/07/1974 13:03
147,Finn,Simon,55,M,69007,FSIMON@PROTONMAIL.COM,8,GOLD,792.34,20.85,38,PASTRIES,False,12/12/1944 15:29,11/12/2023 10:17
153,Charlotte,Robinson,45,M,69002,CHARLOTTER@WANADOO.FR,33812517973,GOLD,361.8,9.52,38,PASTRIES,False,09/11/1948 9:51,23/11/2023 12:37
162,Lucas,Harris,26,F,69003,lharris@orange.fr,33368867744,GOLD,995.14,23.14,43,PASTRIES,False,03/10/2023 13:03,19/11/2023 11:04
165,Louis,Richard,45,M,69001,Louisrichard@gmx.de,33673494636,SILVER,617.23,17.15,36,PASTRIES,True,06/06/2022 12:46,23/07/2002 15:49
166,Hugo,Garcia,22,M,69001,hugog@free.fr,33798344858,SILVER,793.86,28.35,28,PASTRIES,False,19/04/2023 15:11,11/01/1997 12:32
177,Olivia,Scott,57,M,69001,olivia_scott@orange.fr,33196292443,GOLD,427.23,61.03,7,PASTRIES,False,28/01/1961 12:07,07/11/2029 12:46
179,Léa,Martinez,40,M,69003,léa.martinez@mail.com,00,BASIC,981.83,17427.66,8,PASTRIES,True,24/07/2021 14:44,12/10/2029 9:18
181,Harper,Fischer,20,F,69007,Harper_fischer@web.de,33630901444,BASIC,566.57,31.48,18,PASTRIES,False,19/11/1935 10:47,23/09/2026 15:56
184,Amélie,Laurent,61,F,69007,Alaurent@mail.com,33905531771,BASIC,521.14,21.71,24,PASTRIES,True,24/09/2000 14:11,05/07/2023 11:01
202,Marie,Smith,47,M,69001,MARIES@WANADOO.FR,0,BASIC,564.67,35.29,16,PASTRIES,True,16/04/2022 9:31,03/09/2023 13:38
212,Isabella,Harris,55,F,69003,ISABELLA.HARRIS@PROTONMAIL.COM,33945071502,GOLD,546.73,15.19,36,PASTRIES,True,23/08/2023 13:23,04/09/2023 9:50
214,Leon,Adams,34,F,69003,Ladams@outlook.com,33536002752,GOLD,144.24,3.14,46,PASTRIES,False,20/01/2021 14:25,13/09/2023 11:36
215,Sophia,Richard,69,M,69006,SOPHIA_RICHARD@GMAIL.COM,33101755035,BASIC,568.84,18.35,31,PASTRIES,True,12/03/2029 10:24,22/04/1901 13:33
218,Léa,Bernard,22,F,69001,léab@wanadoo.fr,33920829505,GOLD,700.45,63.68,11,PASTRIES,False,27/07/2023 9:25,17/12/2023 10:30
226,Chloe,Robert,45,U,69001,CHLOER@GMX.DE,33804345259,GOLD,121.25,10.1,12,PASTRIES,True,25/03/2076 16:57,27/03/2023 16:54
231,Charlotte,Fischer,27,M,69001,cfischer@mail.com,33230696170,GOLD,57.79,2.41,24,PASTRIES,False,03/05/2022 9:40,17/08/2023 13:29
232,Paul,Lewis,60,M,69006,PAUL.LEWIS@MAIL.COM,+82 (700)-963-5851,BASIC,128.5,3.21,40,PASTRIES,False,12/03/2023 10:53,11/05/2028 9:26
251,Isabella,King,29,M,69002,iking@laposte.net,+40,GOLD,223.58,6.21,36,PASTRIES,True,19/01/2023 15:02,29/07/2026 11:09
254,Sophia,Rodriguez,54,M,69003,sophiarodriguez@free.fr,33417470675,GOLD,976.3,108.48,9,PASTRIES,True,30/01/2024 14:22,02/06/2031 11:19
257,Léa,Leroy,45,M,69007,léa_leroy@web.de,33119118033,BASIC,110.88,829.28,19,PASTRIES,False,01/11/2021 10:11,12/03/2023 9:23
261,Ava,Hoffmann,51,M,69007,avahoffmann@orange.fr,33262037363,SILVER,82.74,5.17,16,PASTRIES,False,08/06/2023 16:13,19/10/2023 13:09
272,Benjamin,Johnson,49,F,69006,benjamin.johnson@wanadoo.fr,33550669503,GOLD,205.19,9.33,22,PASTRIES,True,18/01/2028 15:02,21/07/2019 13:43
276,Lukas,Robert,21,M,69007,Lukasr@wanadoo.fr,33964752733,BASIC,400.56,8.35,48,PASTRIES,False,07/02/2023 11:39,25/10/2023 13:12
279,Lucas,Martinez,28,F,69001,Lucasmartinez@laposte.net,33721297399,SILVER,726723.7,23.82,17,PASTRIES,True,13/04/2023 13:41,16/04/2023 14:38
283,Hugo,Walker,45,F,69001,Hugowalker@orange.fr,33713528015,GOLD,547.59,18.88,29,PASTRIES,False,13/10/2022 10:44,09/09/2009 11:36
292,Leon,Baker,70,F,69001,Leon_baker@outlook.com,0,GOLD,992.38,21.57,46,PASTRIES,False,02/05/2026 11:51,15/09/2084 15:39
298,Harper,Taylor,52,F,69007,Harpertaylor@outlook.com,33968297551,SILVER,398.3,39.83,10,PASTRIES,True,29/04/2038 10:03,11/02/2023 14:33
302,Mia,Smith,38,M,69002,Mia.smith@icloud.com,+863 (821)-934-4476,GOLD,468.74,66.96,7,PASTRIES,True,25/03/2023 11:49,23/02/2023 9:14
305,Hannah,Allen,32,M,69006,Hallen@hotmail.com,33283315162,SILVER,714.54,59.54,12,PASTRIES,True,20/05/2022 16:55,21/11/2040 9:48
321,Louis,White,45,M,69003,Louis_white@wanadoo.fr,33873035969,BASIC,835.32,59.67,14,PASTRIES,False,11/09/2023 16:20,18/10/2023 10:25
326,Jack,Robert,42,M,69007,jackr@icloud.com,33214359155,GOLD,409.77,27.32,15,PASTRIES,True,13/07/1941 16:45,16/02/2020 11:34
332,Sophia,Lewis,30,F,69007,SLEWIS@GMAIL.COM,33510896001,SILVER,562.25,16.54,34,PASTRIES,True,02/10/2021 16:23,23/02/2023 10:48
333,Olivia,Walker,45,F,69003,oliviawalker@gmx.de,33772430906,SILVER,358.02,10.23,35,PASTRIES,False,18/06/2013 15:38,11/01/2023 16:12
337,Harper,Young,61,M,69006,Harperyoung@mail.com,+2392230020735,GOLD,898.66,47.3,19,PASTRIES,True,07/09/2022 16:50,07/09/1968 13:52
345,Harry,Wright,65,F,69006,harry.wright@protonmail.com,33395506650,SILVER,384.16,1136,48,PASTRIES,True,28/12/2023 15:48,14/04/2023 10:06
347,James,Simon,45,F,69007,JSIMON@YANDEX.COM,33372944931,SILVER,770.58,45.33,17,PASTRIES,False,12/12/2022 13:51,20/03/2017 9:56
357,Lucas,Leroy,19,U,69002,Lleroy@laposte.net,33324667510,BASIC,203.17,8.83,23,PASTRIES,True,20/02/2049 16:24,08/12/1996 9:32
361,Hugo,Hoffmann,54,F,69006,hugoh@yandex.com,33685250185,GOLD,575.38,10212.64,8,PASTRIES,True,13/04/2022 15:50,18/08/2015 11:17
387,Charlotte,Young,60,U,69007,Charlotte_young@wanadoo.fr,33875123203,SILVER,232.28,232.28,1,PASTRIES,True,05/02/2023 12:54,19/11/2038 15:22
391,Amelia,Durand,67,F,69002,AMELIADURAND@HOTMAIL.COM,33284637045,GOLD,437.96,21.9,20,PASTRIES,True,05/03/2021 15:56,30/07/1974 12:08
392,Sophie,Baker,24,M,69007,SOPHIEB@GMX.DE,33784487632,GOLD,83.58,2.04,41,PASTRIES,False,09/01/2021 16:25,28/08/2053 12:48
404,Jack,Rodriguez,45,M,69002,Jackrodriguez@web.de,0,BASIC,240.18,2006.46,17,PASTRIES,True,06/07/2022 9:13,18/03/2023 11:42
417,Ava,Meyer,81,M,69001,avam@icloud.com,33517673179,BASIC,669.71,18.6,36,PASTRIES,True,30/03/1942 13:55,21/11/2031 16:12
423,Harry,Martin,22,M,69002,HARRYM@GMX.DE,33749982028,GOLD,159.73,5.32,30,PASTRIES,True,14/03/2022 15:08,23/12/2023 10:05
429,Emma,Martinez,30,M,69007,emmamartinez@icloud.com,0,SILVER,387.64,35.24,11,PASTRIES,True,04/05/2027 14:10,16/07/2025 15:27
430,Amelia,Thompson,68,F,69001,AMELIAT@GMAIL.COM,33941100749,SILVER,693.65,33.03,21,PASTRIES,False,19/04/2022 10:29,08/09/2023 9:59
433,Alexander,Walker,43,F,69002,ALEXANDER.WALKER@MAIL.COM,33264901336,BASIC,788.81,23.2,34,PASTRIES,False,17/09/2015 11:57,02/05/1920 11:21
445,Emily,Wright,50,F,69003,EMILYWRIGHT@FREE.FR,33538534814,BASIC,549.97,22,25,PASTRIES,True,24/09/2022 13:26,14/03/2018 15:02
455,Ethan,Allen,30,F,69006,Ethan.allen@icloud.com,33634270416,SILVER,1352245.3,17.52,43,PASTRIES,False,07/08/2022 10:16,24/09/2095 13:44
460,Chloe,Miller,45,M,69003,CHLOEM@GMAIL.COM,33797865994,BASIC,848.74,84.87,10,PASTRIES,True,14/07/2021 16:54,22/11/2031 16:02
472,Alexander,Johnson,45,U,69003,Ajohnson@hotmail.com,0,BASIC,617.02,12.59,49,PASTRIES,False,01/01/1989 13:01,01/10/2023 9:53
476,Oliver,Robert,59,M,69002,Oliver.robert@web.de,33353322277,SILVER,135.1,1918.42,10,PASTRIES,True,19/12/2022 9:38,01/09/2025 15:52
481,Mason,Fischer,61,F,69003,masonfischer@web.de,-(709,SILVER,51.55,3.68,14,PASTRIES,False,25/08/2024 15:28,29/05/2030 16:43
485,Isabella,Brown,43,F,69002,ISABELLAB@HOTMAIL.COM,33256443220,GOLD,679.91,16.19,42,PASTRIES,False,21/03/2083 16:35,18/11/2023 12:56
487,Leon,Young,33,F,69003,LEONY@GMX.DE,33923066868,BASIC,837.96,22.05,38,PASTRIES,True,11/08/2061 11:49,02/03/2023 16:45
491,Léa,Durand,20,F,69001,léadurand@hotmail.com,33385748426,GOLD,659.11,54.93,12,PASTRIES,True,24/09/2021 9:18,13/05/2023 14:38
492,Chloé,Baker,29,F,69007,Chloéb@outlook.com,39,BASIC,718.52,37.82,19,PASTRIES,False,09/03/1931 12:31,30/01/2032 15:35
493,Harper,Schulz,52,M,69006,harpers@hotmail.com,33813648401,GOLD,499.36,49.94,10,PASTRIES,False,24/03/2099 13:47,06/07/2020 15:14
497,Mia,Simon,28,M,69006,MIA_SIMON@ICLOUD.COM,33383708400,BASIC,866.56,39.39,22,PASTRIES,True,15/02/2023 16:33,14/03/2023 16:25
505,Paul,Allen,68,F,69001,Paul.allen@yahoo.com,33818529372,GOLD,377.81,31.48,12,PASTRIES,True,18/05/1998 14:49,05/09/2023 14:35
513,Lucas,Moreau,87,F,69003,lucas.moreau@yandex.com,0,SILVER,596.18,22.93,26,PASTRIES,False,03/09/2022 10:16,18/08/2023 16:47
522,Noah,Johnson,40,M,69003,noah.johnson@yahoo.com,33113057235,SILVER,613.71,32.3,19,PASTRIES,False,19/01/2031 10:50,23/06/2023 15:13
523,Emily,Martin,61,M,69001,emilym@hotmail.com,+1219515670889,SILVER,758.95,36.14,21,PASTRIES,True,25/11/2022 9:13,16/01/2049 16:17
526,Leon,Robert,64,M,69001,LEONR@FREE.FR,33238645130,GOLD,280.43,11.22,25,PASTRIES,False,17/06/2023 12:07,14/03/2018 16:39
527,Sophia,Scott,70,U,69007,sscott@yandex.com,33605901846,SILVER,371.33,8.25,45,PASTRIES,False,27/01/1940 12:43,24/10/2023 16:07
538,Chloe,Clark,68,F,69003,CHLOE_CLARK@OUTLOOK.COM,33539210253,BASIC,335.07,33.51,10,PASTRIES,False,27/10/2013 13:50,26/10/2016 11:03
547,Amelia,Simon,28,F,69006,ASIMON@GMAIL.COM,33889058982,GOLD,474.92,22.62,21,PASTRIES,True,28/01/2023 13:16,06/02/2022 12:06
552,Lucas,Smith,65,F,69007,lucassmith@icloud.com,33150713522,BASIC,894.3,18.63,48,PASTRIES,False,30/08/2014 16:05,05/07/1921 13:55
553,Marie,Robinson,61,F,69006,marierobinson@outlook.com,+1524328827200,BASIC,767.73,34.9,22,PASTRIES,False,08/11/2021 11:02,19/07/2030 11:34
555,Louis,Allen,49,F,69003,Louis.allen@outlook.com,33904923584,SILVER,968.11,21.51,45,PASTRIES,False,29/05/2014 11:18,15/03/1933 15:41
563,Isabella,Moreau,27,M,69003,isabella_moreau@orange.fr,33439610541,BASIC,393.76,9.6,41,PASTRIES,True,06/12/2031 12:42,01/11/1969 10:34
564,Emma,Adams,67,F,69002,emmaa@wanadoo.fr,0,GOLD,500.51,41.71,12,PASTRIES,False,23/05/2023 11:13,07/08/2023 12:39
580,Henry,Thompson,66,M,69003,henry_thompson@mail.com,+672 (433)-530-5850,SILVER,955.41,36.75,26,PASTRIES,False,21/09/2021 12:18,09/08/2023 9:11
586,Sophie,Young,64,F,69001,SOPHIE.YOUNG@ORANGE.FR,33939896686,SILVER,101.63,5.35,19,PASTRIES,True,26/03/2058 15:30,13/03/2032 12:27
590,Lucas,Durand,34,M,69002,Ldurand@wanadoo.fr,+5708476701019,BASIC,771.78,2609.96,42,PASTRIES,False,16/05/2027 15:43,26/09/2020 14:24
592,Oliver,Schulz,40,M,69007,Olivers@protonmail.com,28,BASIC,616.08,36.24,17,PASTRIES,False,14/05/2018 14:11,19/07/2023 16:07
595,Liam,Thomas,35,F,69003,Liamthomas@yahoo.com,33257761631,GOLD,569.32,37.95,15,PASTRIES,False,25/12/2021 12:03,10/08/2032 9:29
606,Sophie,Leroy,39,M,69006,sophiel@hotmail.com,33715808950,BASIC,348.65,7.92,44,PASTRIES,False,07/01/2021 11:49,04/11/1905 12:18
608,Chloé,Dubois,63,F,69003,CHLOÉDUBOIS@FREE.FR,33268832922,BASIC,792.18,23.3,34,PASTRIES,True,05/04/2022 10:19,19/09/1984 11:30
628,Lucas,Thompson,67,U,69002,lucas_thompson@outlook.com,33956062404,BASIC,581.91,22.38,26,PASTRIES,True,02/11/2021 16:22,24/04/1940 12:14
630,Oliver,Lewis,45,M,69003,olewis@mail.com,33225973551,BASIC,165911.85,13.2,7,PASTRIES,True,15/05/2022 13:58,05/12/2097 11:30
632,Hugo,Laurent,45,F,69007,hugolaurent@hotmail.com,33813703673,BASIC,811.77,26.19,31,PASTRIES,False,27/10/1909 11:08,12/07/2023 12:59
635,Mason,Young,33,F,69001,mason_young@orange.fr,33690549949,SILVER,67.71,1.61,42,PASTRIES,True,29/03/1979 12:38,16/02/2019 13:11
644,Sophie,Thomas,30,M,69001,sophiethomas@mail.com,33845096384,GOLD,792.77,792.77,1,PASTRIES,False,13/02/2077 11:09,20/11/2023 10:20
646,Chloé,Taylor,22,M,69001,CHLOÉT@ORANGE.FR,33478511524,GOLD,82.28,5.88,14,PASTRIES,True,08/01/2023 10:47,04/06/2023 16:22
650,Amélie,Smith,29,F,69001,ASMITH@YANDEX.COM,33932293527,GOLD,652.54,28.37,23,PASTRIES,False,12/08/1978 15:05,18/09/2023 12:00
679,Leon,Lewis,69,M,69001,LEON.LEWIS@WANADOO.FR,33702716136,GOLD,491.17,11.69,42,PASTRIES,False,04/03/2026 15:15,27/10/2023 16:14
682,Sophie,Brown,69,F,69007,SBROWN@OUTLOOK.COM,33399719569,GOLD,1584249.05,67.89,13,PASTRIES,False,01/10/1961 13:47,15/05/1992 15:29
685,Harper,Clark,45,F,69001,harper.clark@gmx.de,+2882906381961,BASIC,861.32,8735.84,14,PASTRIES,False,15/09/2023 16:53,29/11/2016 11:07
687,Ava,Wilson,32,M,69007,avaw@wanadoo.fr,33323771041,GOLD,938641.4,19.37,27,PASTRIES,False,01/12/2022 13:48,17/05/2083 13:52
688,Amélie,Durand,59,M,69001,AMÉLIEDURAND@YANDEX.COM,33719502107,BASIC,587.45,20.26,29,PASTRIES,True,17/08/2028 9:31,14/03/2027 10:29
693,Harry,Thomas,18,U,69003,hthomas@gmail.com,33949213627,GOLD,180.82,4.31,42,PASTRIES,False,14/01/2021 10:21,16/02/2073 9:13
700,Sophie,Rodriguez,52,F,69002,SOPHIE_RODRIGUEZ@YAHOO.COM,33776397443,BASIC,233.28,6.48,36,PASTRIES,False,23/12/2026 12:48,17/09/2023 14:46
707,Louis,Hoffmann,37,M,69006,Louis_hoffmann@yandex.com,33993478441,SILVER,1033722.55,21.33,27,PASTRIES,True,13/10/2021 9:18,14/10/2032 9:40
713,Noah,Meyer,37,F,69002,nmeyer@free.fr,33885642178,GOLD,521.03,11.84,44,PASTRIES,False,11/06/2021 12:25,20/06/2023 10:08
715,Isabella,Anderson,54,M,69002,isabella_anderson@gmail.com,33927586617,SILVER,636.12,42.41,15,PASTRIES,True,26/10/2032 14:16,18/08/2091 11:40
721,Léa,Schneider,34,M,69006,Léa.schneider@hotmail.com,33616450898,BASIC,411.74,34.31,12,PASTRIES,True,16/04/1919 15:10,03/05/2023 10:28
728,Finn,Lewis,65,M,69001,FINNL@YANDEX.COM,33565712891,BASIC,821.42,24.16,34,PASTRIES,True,04/10/2021 15:27,10/02/2016 14:13
729,Chloe,Walker,55,F,69007,cwalker@icloud.com,--,SILVER,864633.55,53.52,9,PASTRIES,False,26/11/2023 16:22,08/04/2079 13:06
730,Hannah,Laurent,24,F,69003,Hlaurent@gmail.com,14,SILVER,964.61,34.45,28,PASTRIES,True,27/08/2027 13:11,25/01/2020 9:22
731,Harry,Brown,69,M,69001,harrybrown@hotmail.com,)+,SILVER,636.39,27.67,23,PASTRIES,True,08/12/2015 16:16,30/01/2028 15:10
732,Henry,Jackson,47,F,69007,henryjackson@mail.com,33766480166,BASIC,621.27,24.85,25,PASTRIES,True,10/03/1990 14:10,17/04/2023 10:09
737,Amelia,Baker,35,M,69003,AMELIABAKER@WANADOO.FR,33402634481,GOLD,845.86,18,47,PASTRIES,False,17/02/1982 16:49,19/12/2017 14:53
751,Noah,Schmidt,21,M,69003,Nschmidt@mail.com,33340862100,SILVER,240.24,12.64,19,PASTRIES,False,12/11/2022 12:58,23/11/2015 9:49
762,Ethan,Meyer,20,M,69006,EMEYER@OUTLOOK.COM,33604225074,BASIC,817.91,68.16,12,PASTRIES,False,05/12/2021 11:15,10/06/2023 10:18
779,Thomas,Brown,54,F,69007,thomasb@laposte.net,33552872165,SILVER,642.82,42.85,15,PASTRIES,False,22/08/2022 11:02,27/05/2028 12:17
788,Jack,Moore,63,U,69006,JACKMOORE@LAPOSTE.NET,+3145831732797,SILVER,949.89,52.77,18,PASTRIES,False,21/06/2075 10:52,06/12/2025 14:09
794,Sophia,Green,51,F,69003,SOPHIA_GREEN@GMAIL.COM,33832694916,SILVER,472.5,10.74,44,PASTRIES,True,18/12/1988 9:06,20/10/1957 16:32
796,Sophie,Smith,22,M,69002,sophie.smith@gmx.de,33430817313,SILVER,725.19,60.43,12,PASTRIES,True,15/06/2021 10:19,02/02/2023 9:31
798,Chloé,Rodriguez,58,F,69002,crodriguez@yahoo.com,33189685895,GOLD,983157.4,18.26,30,PASTRIES,True,09/10/2029 10:07,18/12/2030 10:19
802,Amélie,Weber,67,F,69003,Amélie.weber@protonmail.com,33104214356,BASIC,496.1,18.37,27,PASTRIES,False,25/08/1909 11:13,26/04/2029 14:59
805,Chloe,Hoffmann,65,F,69006,chloeh@orange.fr,33184634845,SILVER,736.52,17.54,42,PASTRIES,True,09/01/1966 13:30,12/02/2002 14:10
812,Benjamin,Bernard,47,M,69002,Bbernard@orange.fr,33348637349,SILVER,539.54,26.98,20,PASTRIES,True,14/04/2022 15:26,11/10/1929 13:10
127,Hugo,Scott,48,U,69003,Hugos@gmx.de,33499807451,SILVER,72.08,36.04,2,MACARON,True,06/04/2030 14:24,01/06/2018 12:21
138,Olivia,Clark,70,F,69006,Olivia.clark@wanadoo.fr,+9953659644559,SILVER,715.55,14.6,49,MACARON,True,08/07/2021 11:31,26/09/2014 12:24
143,Ethan,Schulz,44,F,69006,ETHANSCHULZ@YANDEX.COM,33722079967,BASIC,443.88,34.14,13,MACARON,False,21/03/2022 13:14,07/12/2023 9:12
148,Chloe,Taylor,29,F,69003,chloet@free.fr,33662680686,BASIC,499.59,62.45,8,MACARON,False,26/03/2023 11:57,18/03/2076 12:55
152,James,Smith,35,F,69006,James_smith@laposte.net,33678413665,GOLD,740.88,21.17,35,MACARON,False,17/06/2026 16:25,13/07/2023 9:53
159,Lukas,Dubois,41,U,69006,ldubois@yahoo.com,33378335390,GOLD,687.82,36.2,19,MACARON,False,27/09/2013 16:25,14/01/2023 11:43
169,Mason,Anderson,45,F,69003,MANDERSON@ORANGE.FR,+9092107462664,SILVER,763.63,20.1,38,MACARON,False,02/07/2022 13:33,27/10/2023 15:24
176,Sophia,Robert,44,F,69003,sophia.robert@protonmail.com,33317382969,SILVER,468.09,12.32,38,MACARON,False,04/05/2021 13:42,26/10/2023 14:10
180,Chloé,Thompson,25,F,69001,Chloét@free.fr,33371492535,SILVER,779.24,70.84,11,MACARON,False,24/02/2024 13:50,24/09/2023 13:18
211,Emily,Hoffmann,35,U,69007,emily.hoffmann@mail.com,33407588643,GOLD,1309039.65,23.52,31,MACARON,True,09/01/2022 13:18,09/03/2023 9:10
228,Harry,Becker,51,F,69001,Harrybecker@outlook.com,33248970596,BASIC,76.29,2.46,31,MACARON,True,25/09/2021 9:17,25/05/2023 11:34
236,Sophie,Jackson,43,F,69001,SOPHIE.JACKSON@ORANGE.FR,33429072985,SILVER,984.99,20.1,49,MACARON,False,18/07/2022 16:43,04/06/2034 11:01
243,Louis,Schulz,68,U,69006,LSCHULZ@LAPOSTE.NET,33835178746,SILVER,1692020.85,39.28,24,MACARON,False,21/02/2022 11:24,30/03/2024 15:33
252,Emma,Smith,63,F,69003,Emmas@mail.com,+356 (937)-673-4525,BASIC,743.9,123.98,6,MACARON,False,02/03/2023 12:04,21/04/1985 15:57
258,Chloé,Weber,27,F,69002,chloé_weber@gmail.com,29,GOLD,896.73,24.24,37,MACARON,False,09/08/2022 12:29,24/12/1920 15:54
289,Emily,Petit,70,U,69001,emilypetit@yandex.com,33193538653,BASIC,740.11,21.77,34,MACARON,False,07/11/2033 11:56,26/07/2023 13:10
295,Sophie,Wright,20,F,69003,swright@gmail.com,33622831254,SILVER,885.3,26.04,34,MACARON,False,30/09/2015 16:23,09/10/2023 15:03
309,Charlotte,Dubois,27,F,69003,cdubois@protonmail.com,33437160598,GOLD,411.14,205.57,2,MACARON,True,27/04/2023 12:48,19/07/2018 14:48
314,Sophie,Adams,39,F,69007,sophie_adams@icloud.com,33354828782,GOLD,80.32,3.09,26,MACARON,False,07/12/2013 15:03,21/12/2023 13:52
322,Hugo,Johnson,26,F,69003,HUGO_JOHNSON@PROTONMAIL.COM,,SILVER,808.22,62.17,13,MACARON,False,17/02/2021 16:42,07/07/2023 15:37
329,Isabella,Martinez,56,F,69006,isabellamartinez@gmx.de,33172115529,BASIC,949.03,30.61,31,MACARON,False,19/12/2021 9:07,05/07/2001 11:29
330,Emma,Thompson,22,F,69002,Ethompson@laposte.net,33640846908,BASIC,167.17,41.79,4,MACARON,False,23/10/2022 13:19,13/07/2023 15:16
364,Mason,Adams,38,F,69002,Masonadams@gmx.de,33712764901,BASIC,953.75,476.88,2,MACARON,False,02/09/2064 9:38,13/02/2033 13:59
369,Emma,Anderson,52,U,69003,emmaanderson@yandex.com,0,GOLD,973.72,74.9,13,MACARON,False,29/12/1946 9:41,29/06/2025 11:17
385,Henry,Brown,45,F,69006,Hbrown@web.de,33410949659,GOLD,194.74,4.75,41,MACARON,False,20/08/2063 13:00,28/05/2023 16:08
406,Emily,Schmidt,21,F,69001,EMILYS@LAPOSTE.NET,33113344812,BASIC,964.45,24.73,39,MACARON,True,26/12/2022 11:16,26/07/2018 11:36
411,Olivia,Hoffmann,67,F,69001,OHOFFMANN@HOTMAIL.COM,33317160199,BASIC,556.75,11.85,47,MACARON,True,16/01/2019 9:15,16/06/2022 9:58
426,Charlotte,Robert,40,F,69001,charlotterobert@orange.fr,33608604547,BASIC,181.22,8.63,21,MACARON,True,18/07/2023 9:52,09/04/1970 13:15
428,Benjamin,Becker,68,U,69002,benjamin.becker@laposte.net,33166316233,SILVER,397.68,8.65,46,MACARON,False,07/02/2021 15:41,10/01/2023 10:36
432,Lukas,Lewis,56,F,69001,Llewis@orange.fr,33278987042,BASIC,535.38,12.45,43,MACARON,True,05/02/2013 11:17,04/08/2023 11:00
450,Olivia,Green,32,F,69001,OLIVIAG@YAHOO.COM,33258789565,SILVER,574.74,24.99,23,MACARON,True,06/09/2042 9:36,02/04/2023 10:01
453,Chloé,Robinson,53,F,69002,chloé.robinson@outlook.com,+1359835204482,SILVER,495.99,14.59,34,MACARON,False,17/03/1983 12:05,09/08/2023 9:44
461,Hannah,Hoffmann,32,F,69003,Hhoffmann@outlook.com,33824165502,SILVER,657.64,41.1,16,MACARON,True,06/02/2018 14:14,27/11/2023 13:08
474,Lucas,Müller,31,F,69001,Lucasm@wanadoo.fr,33151897069,SILVER,897.46,19.94,45,MACARON,True,14/12/2022 16:51,20/06/2024 12:57
484,Emily,Laurent,19,U,69003,Elaurent@yandex.com,33153329704,SILVER,108.91,3.51,31,MACARON,True,01/11/2091 10:11,11/09/2019 14:15
501,Harry,King,25,F,69002,harryk@web.de,33495190032,BASIC,587.25,13.35,44,MACARON,True,28/08/2025 9:35,01/11/1903 16:30
502,Henry,Smith,53,F,69001,Henry.smith@free.fr,+151 (473)-462-6530,BASIC,1368525.95,27065.2,4,MACARON,True,31/08/2086 12:03,27/12/2024 11:05
516,Louis,Garcia,31,F,69006,lgarcia@web.de,33121966471,BASIC,410.82,12.84,32,MACARON,False,29/06/2016 12:03,27/11/1961 13:28
524,Isabella,Müller,62,F,69006,isabellam@free.fr,33538817197,SILVER,147.34,6.41,23,MACARON,True,12/02/2022 14:04,01/04/2023 10:11
529,Sophie,Martinez,35,U,69003,sophiem@web.de,+7132044007689,SILVER,288.94,36.12,8,MACARON,False,26/06/2021 15:09,13/09/2090 10:12
539,Hannah,Petit,31,U,69007,hannahpetit@icloud.com,+508 (287)-652-1744,BASIC,772.7,19.32,40,MACARON,False,30/01/2024 10:36,27/01/2033 10:04
548,Sophie,Taylor,20,F,69001,sophiet@gmail.com,33928185802,BASIC,724.65,144.93,5,MACARON,False,03/12/2021 13:03,30/01/2014 12:20
556,Hugo,Schmidt,47,F,69003,Hugo.schmidt@hotmail.com,33473737360,GOLD,923.21,51.29,18,MACARON,False,13/12/2084 11:38,18/11/1973 14:26
573,Ava,Martin,49,F,69001,Avamartin@mail.com,33514343763,BASIC,581.36,30.6,19,MACARON,False,08/01/2022 9:53,12/07/1960 15:50
578,Hannah,Becker,50,F,69002,HANNAH.BECKER@GMAIL.COM,33713756938,GOLD,448.8,49.87,9,MACARON,True,24/03/2021 13:14,02/02/2084 15:06
583,Paul,Walker,68,F,69007,PAUL.WALKER@FREE.FR,0,GOLD,606.26,18.37,33,MACARON,False,28/06/2021 13:33,28/12/2023 10:29
593,Louis,Moore,45,F,69003,Louis.moore@laposte.net,+7695771778470,SILVER,900.9,150.15,6,MACARON,True,09/04/2022 10:11,23/01/1943 11:42
597,Mason,Taylor,39,F,69006,MASONT@LAPOSTE.NET,+2061765838608,BASIC,60.73,4.34,14,MACARON,False,18/12/2022 10:11,26/10/2035 10:11
610,Ethan,Hoffmann,63,U,69002,Ehoffmann@laposte.net,33512653562,SILVER,732.8,732.8,1,MACARON,False,28/03/2022 10:26,03/10/2082 11:12
640,Emma,Baker,29,F,69001,EMMABAKER@OUTLOOK.COM,+301 (920)-584-9067,GOLD,927.9,185.58,5,MACARON,False,23/05/2023 11:09,17/12/2023 14:13
656,Henry,Weber,45,F,69001,hweber@icloud.com,+523 (472)-189-1061,BASIC,726.99,103.86,7,MACARON,False,13/03/2021 13:05,16/06/1947 12:26
705,Marie,Dubois,36,F,69007,mdubois@orange.fr,33158361992,GOLD,413.83,19587.48,3,MACARON,False,22/03/2023 11:09,07/03/2023 10:42
716,Emma,Hall,45,U,69001,Emma_hall@mail.com,33549270800,GOLD,527.48,32.97,16,MACARON,True,25/05/2023 15:21,22/03/2049 12:15
717,Leon,White,54,F,69003,LEONW@FREE.FR,33223159760,GOLD,1077484.65,22.23,27,MACARON,False,05/10/2022 9:18,27/07/2023 9:40
738,Sophie,Schulz,59,U,69002,sophie.schulz@gmx.de,33673327105,SILVER,1149051.3,42.68,15,MACARON,True,16/11/2021 12:34,17/10/2064 11:59
739,Lukas,Moore,25,U,69006,lukas.moore@yahoo.com,33959168414,BASIC,520.36,47.31,11,MACARON,False,06/06/2056 11:09,07/08/2032 9:14
756,Sophia,Hoffmann,37,F,69002,shoffmann@mail.com,20,GOLD,573.22,11628.38,7,MACARON,False,11/09/2022 12:01,20/06/2023 16:28
775,Amelia,Fischer,54,F,69001,AMELIA.FISCHER@WEB.DE,33657744122,GOLD,306.9,871.88,50,MACARON,True,23/06/2023 15:19,23/08/1940 16:21
781,Marie,Young,38,F,69002,Marieyoung@free.fr,33389970314,GOLD,979.77,25.78,38,MACARON,False,15/09/2023 14:14,02/12/2023 10:51
783,Louis,Petit,55,U,69007,louis_petit@yahoo.com,66+,SILVER,349.2,49586.4,1,MACARON,False,16/03/2017 11:18,29/09/2026 10:29
804,Finn,Miller,40,F,69006,fmiller@wanadoo.fr,33360003770,BASIC,791.27,87.92,9,MACARON,True,21/06/2023 11:01,15/05/2023 15:45
810,Charlotte,Garcia,37,U,69003,charlotte_garcia@hotmail.com,33537861484,BASIC,899,52.88,17,MACARON,True,11/02/2021 14:16,18/11/2023 12:42
820,Oliver,Scott,35,U,69003,OLIVER.SCOTT@ICLOUD.COM,56,BASIC,134.78,3.74,36,MACARON,False,23/07/2025 16:09,17/07/2023 16:24
101,Léa,King,60,M,69003,Lking@orange.fr,33765451688,BASIC,205.92,1124.64,26,MACARON,False,14/05/2095 13:31,08/01/1960 16:31
117,Emma,Meyer,18,M,69006,Emmam@yahoo.com,33304782347,GOLD,341.27,17.96,19,MACARON,False,28/04/2028 13:48,20/12/2023 15:17
158,Sophie,Weber,43,M,69007,SOPHIE_WEBER@GMAIL.COM,33681949075,BASIC,939.23,19.17,49,MACARON,False,14/11/2023 12:56,14/09/2005 13:14
168,William,Bernard,63,M,69001,WILLIAM_BERNARD@MAIL.COM,33430426320,GOLD,884.95,44.25,20,MACARON,False,19/06/1922 11:15,08/08/2023 11:30
171,Noah,White,39,M,69006,NOAHWHITE@OUTLOOK.COM,33547271961,GOLD,424.78,28.32,15,MACARON,True,10/03/2029 11:21,13/02/2023 10:55
190,Henry,Wilson,69,M,69003,hwilson@gmail.com,33340946909,GOLD,833.31,55.55,15,MACARON,False,08/07/2030 16:35,08/04/2018 9:59
222,Ava,Johnson,55,M,69001,AVA.JOHNSON@GMX.DE,33984013168,BASIC,793.86,28.35,28,MACARON,False,24/04/2091 9:46,18/08/2023 14:38
225,Finn,Schneider,40,M,69003,Finn.schneider@mail.com,+531 (822)-173-6751,BASIC,592.65,22.79,26,MACARON,False,27/08/2022 16:32,05/09/2023 15:37
230,James,Thompson,19,M,69007,jthompson@gmail.com,,GOLD,640.15,13.92,46,MACARON,False,19/12/2023 13:23,11/01/2023 11:26
233,Benjamin,Walker,67,M,69006,benjaminw@orange.fr,33778273014,BASIC,374.35,11.34,33,MACARON,False,14/02/2021 15:58,23/11/2023 12:56
245,Liam,Wright,28,M,69001,liamw@laposte.net,33850322812,GOLD,457.95,41.63,11,MACARON,True,17/02/2021 12:57,14/01/1930 9:08
248,Jack,Taylor,41,M,69001,JACK_TAYLOR@YAHOO.COM,33489044408,GOLD,178.05,3.63,49,MACARON,False,11/03/2023 14:37,18/12/2014 15:20
280,Marie,Thompson,69,M,69007,mariet@gmail.com,33824609137,GOLD,647.51,17.5,37,MACARON,True,25/02/2023 16:28,08/04/2023 11:56
284,Liam,Laurent,46,M,69001,liam_laurent@hotmail.com,33709090085,GOLD,454.29,45.43,10,MACARON,True,22/05/2063 11:05,10/03/2023 9:59
285,William,Brown,66,M,69006,Wbrown@yahoo.com,33426270980,BASIC,184.21,26.32,7,MACARON,True,06/02/2023 15:23,15/07/2026 16:51
287,Jack,Young,45,M,69007,jack.young@outlook.com,33337292782,BASIC,435.38,1438.46,43,MACARON,True,24/11/2029 10:52,15/02/2023 16:43
290,Isabella,Wilson,45,M,69002,isabellaw@wanadoo.fr,33568767683,GOLD,604.08,30.2,20,MACARON,False,04/04/2023 11:23,14/01/2098 11:57
312,Emma,Harris,33,M,69006,emma.harris@laposte.net,97,GOLD,517.69,10.79,48,MACARON,False,03/07/2021 15:35,24/09/2023 12:14
323,Liam,Martin,33,M,69007,liamm@gmx.de,33112528907,BASIC,337.63,33.76,10,MACARON,False,16/03/2017 9:20,13/07/2030 14:28
331,Leon,Fischer,42,M,69001,Leonfischer@protonmail.com,33481804245,GOLD,96.58,2.54,38,MACARON,False,22/04/2023 14:30,15/12/2023 15:50
355,Alexander,Allen,58,M,69001,alexanderallen@gmail.com,+3391599841877,BASIC,200.12,50.03,4,MACARON,True,26/01/2080 15:19,30/01/2032 16:09
368,Isabella,Bernard,69,M,69006,isabella_bernard@laposte.net,33101312809,BASIC,964.95,192.99,5,MACARON,False,14/07/2021 12:31,10/05/2023 16:49
374,Léa,Müller,65,M,69001,LMÜLLER@GMX.DE,0,BASIC,102.02,2.62,39,MACARON,False,29/09/1979 12:05,07/12/2018 12:49
376,Harper,Robert,45,M,69003,harper.robert@gmail.com,33380876930,SILVER,990.81,26.07,38,MACARON,True,08/04/2021 10:07,03/04/2023 11:28
399,Louis,Wagner,44,M,69002,Lwagner@free.fr,9,SILVER,457.42,19.06,24,MACARON,False,06/07/2023 13:03,22/12/2023 14:28
410,Sophia,Miller,53,M,69007,Smiller@gmx.de,33141086676,SILVER,856915.05,28.08,17,MACARON,True,07/08/2023 15:29,24/09/1917 16:47
436,Marie,Jackson,31,M,69007,Mariej@icloud.com,33909675692,SILVER,432.35,30.88,14,MACARON,False,05/07/2025 16:36,08/07/2023 9:40
440,Liam,Wilson,42,M,69007,Liam.wilson@mail.com,33129052791,GOLD,832.01,19.81,42,MACARON,True,15/07/2023 14:37,26/11/2024 13:11
444,Noah,Moore,30,M,69006,Noah_moore@mail.com,+453 (943)-507-4792,BASIC,917.32,22.93,40,MACARON,False,13/11/2021 12:32,30/04/1915 14:04
447,Emma,Simon,46,M,69002,emmasimon@protonmail.com,33871032529,BASIC,376.26,47.03,8,MACARON,False,23/06/2022 13:00,25/07/2023 11:31
464,James,Adams,45,M,69003,Jadams@gmail.com,33764596945,SILVER,981.42,30.67,32,MACARON,False,06/04/2014 10:06,22/12/2023 11:59
466,Paul,Garcia,59,M,69006,paulg@gmail.com,),GOLD,282.12,7.42,38,MACARON,False,11/01/2015 14:38,22/10/2033 9:19
471,Lukas,White,61,M,69007,LUKASW@MAIL.COM,33366373549,SILVER,360.13,18.01,20,MACARON,False,04/07/2097 16:58,11/11/1981 16:03
499,Chloe,Wagner,18,M,69001,Chloew@yandex.com,33401669613,GOLD,906.4,23.24,39,MACARON,True,29/04/2025 13:58,25/05/2023 16:59
506,Benjamin,Schmidt,29,M,69003,benjamins@gmx.de,33187097763,BASIC,277722.4,3.52,44,MACARON,True,22/07/2023 10:42,21/01/1903 13:16
508,Amelia,Weber,45,M,69002,AMELIA.WEBER@MAIL.COM,33351452692,GOLD,811.1,20.8,39,MACARON,False,08/09/2022 15:54,01/04/2030 11:58
540,Harry,Wilson,50,M,69006,Harrywilson@outlook.com,33120725409,GOLD,930.58,23.26,40,MACARON,False,07/12/2016 14:41,07/07/2023 14:32
541,Henry,Durand,50,M,69001,henry_durand@laposte.net,33625824307,GOLD,280.24,6.09,46,MACARON,False,09/06/2023 10:50,25/01/1997 12:35
542,James,Baker,31,M,69001,JAMESBAKER@OUTLOOK.COM,95,SILVER,377.76,7.56,50,MACARON,False,30/11/2021 9:00,20/11/2023 16:53
546,Emma,Thomas,69,M,69007,EMMAT@FREE.FR,0,SILVER,809.49,26.98,30,MACARON,False,07/07/2022 14:20,28/09/2023 15:20
557,Liam,Leroy,47,M,69001,Liaml@icloud.com,33411227420,GOLD,945.06,31.5,30,MACARON,False,04/12/2021 12:26,28/02/2019 9:12
568,Sophie,Bernard,34,M,69006,Sophieb@mail.com,33946966826,BASIC,1300405.7,24.15,30,MACARON,False,26/04/2022 11:47,25/07/2023 11:14
576,Finn,Robert,28,M,69002,FINN_ROBERT@YAHOO.COM,33556058181,SILVER,968.81,33.41,29,MACARON,True,05/09/2041 13:52,25/09/1984 11:13
579,Harry,Martinez,30,M,69001,HARRY_MARTINEZ@GMX.DE,33452994929,BASIC,78.06,15.61,5,MACARON,False,20/09/2041 16:53,06/12/2023 14:57
601,Isabella,Smith,65,M,69001,ismith@orange.fr,33345257085,SILVER,878.96,54.94,16,MACARON,False,21/05/2046 11:59,22/11/2023 15:18
620,Charlotte,White,70,M,69001,charlotte_white@free.fr,33287187640,SILVER,93.72,7.21,13,MACARON,True,30/09/2013 14:06,13/01/2023 10:20
626,Alexander,Becker,32,M,69003,alexanderbecker@gmx.de,,SILVER,501.97,29.53,17,MACARON,False,26/06/2020 13:52,13/10/2023 9:34
627,Thomas,Martinez,69,M,69003,Thomasmartinez@wanadoo.fr,33417171217,GOLD,356.94,10.2,35,MACARON,True,24/10/2023 11:00,16/05/2025 12:05
634,William,Jackson,53,M,69006,WILLIAM.JACKSON@YAHOO.COM,33603339176,SILVER,79.88,2.85,28,MACARON,False,06/08/2016 13:38,09/06/2023 10:32
643,Olivia,Wright,19,M,69007,Olivia.wright@gmail.com,33365402395,GOLD,134.56,12.23,11,MACARON,False,09/10/2079 15:28,28/04/2028 13:59
669,Louis,Johnson,49,M,69001,Louis_johnson@protonmail.com,33292542182,BASIC,556.95,27.85,20,MACARON,True,21/09/2017 10:22,26/01/2023 16:06
670,Hugo,Martin,29,M,69002,hugo_martin@orange.fr,33674524327,SILVER,123.34,8.81,14,MACARON,True,29/10/2014 12:42,25/01/2023 11:15
674,Jack,Scott,68,M,69007,jack.scott@outlook.com,33431869264,BASIC,587.89,97.98,6,MACARON,True,06/11/2022 9:55,17/09/2034 13:14
692,Hannah,Wright,58,M,69006,hannah_wright@free.fr,33524525615,BASIC,433.39,61.91,7,MACARON,False,04/04/2016 13:43,07/09/2023 11:53
696,Charlotte,Wagner,45,M,69007,charlottewagner@hotmail.com,33919139703,BASIC,260.54,6.06,43,MACARON,False,04/10/2023 13:20,20/08/2023 12:04
704,Lucas,Weber,58,M,69002,LUCASW@ICLOUD.COM,33426404450,GOLD,591.31,2895.38,29,MACARON,True,04/08/2022 12:13,02/11/2023 13:32
736,Benjamin,Wilson,42,M,69003,benjaminw@icloud.com,0,GOLD,494.97,123.74,4,MACARON,False,20/02/2022 9:38,07/11/2023 16:33
743,Marie,Taylor,45,M,69003,MTAYLOR@HOTMAIL.COM,33666389416,BASIC,897.55,17.95,50,MACARON,True,21/07/2022 10:47,20/02/2023 11:55
745,Louis,Green,68,M,69002,LOUIS_GREEN@OUTLOOK.COM,33941018362,GOLD,453.71,15.12,30,MACARON,True,24/11/1942 11:16,01/03/2016 9:32
752,Emily,Leroy,69,M,69003,emily.leroy@yahoo.com,-4,GOLD,716.42,23.88,30,MACARON,True,21/04/2022 11:31,04/07/2023 12:03
767,Chloe,Johnson,30,M,69007,Chloejohnson@icloud.com,33480385726,GOLD,441.11,63.02,7,MACARON,False,23/09/2021 11:24,08/08/2017 16:09
770,Henry,Schneider,26,M,69003,Henry_schneider@hotmail.com,33872628406,BASIC,660.95,34.79,19,MACARON,True,18/08/2021 16:50,07/02/1975 12:05
795,Olivia,King,20,M,69006,OLIVIAKING@FREE.FR,33230144728,GOLD,97.14,2.07,47,MACARON,False,21/12/2030 11:01,30/11/2013 15:01
799,Harper,Allen,41,M,69003,harperallen@gmail.com,+916 (998)-675-3079,BASIC,272.38,27.24,10,MACARON,True,17/01/2023 14:24,23/03/2027 12:35
817,Thomas,Müller,66,M,69001,thomasm@gmx.de,33773982536,SILVER,881.41,24.48,36,MACARON,False,07/03/2018 10:53,06/11/2023 16:49
107,Mia,Leroy,67,F,69003,Mia.leroy@yahoo.com,33440143651,GOLD,840.89,5191.52,23,PASTRIES,True,,09/03/2023 13:27
112,Henry,Harris,40,F,69007,Henryharris@outlook.com,33482989535,SILVER,709.73,17.31,41,PASTRIES,True,,26/03/2023 14:15
113,James,Moreau,67,M,69001,james_moreau@outlook.com,33378908896,GOLD,266.9,7.63,35,TARTE,False,,16/09/1923 10:20
118,Amelia,Bernard,36,F,69002,ameliab@outlook.com,26,GOLD,619.42,15.49,40,PASTRIES,False,,19/12/2023 12:55
125,Oliver,Schneider,47,F,69002,Olivers@yahoo.com,33704360544,GOLD,179.67,7.49,24,UNKNOWN,False,,05/11/2028 13:16
139,Sophie,Petit,20,F,69006,sophiep@yandex.com,33345123788,GOLD,704.28,176.07,4,TARTE,False,,12/09/2076 16:43
140,Léa,Wilson,26,F,69006,lwilson@hotmail.com,0,GOLD,703.87,24.27,29,BREAD,True,,08/07/2050 16:48
144,Ava,Moore,20,M,69001,ava.moore@yandex.com,33148195313,BASIC,72.67,3.82,19,PASTRIES,False,,29/01/1951 12:05
154,Paul,Rodriguez,42,M,69007,paul_rodriguez@laposte.net,+4973578667496,SILVER,363.27,181.63,2,MACARON,True,,16/06/2022 15:41
160,Alexander,Miller,44,F,69003,alexander.miller@orange.fr,33892779814,SILVER,629.95,314.98,2,N/A,False,,03/12/2023 9:12
161,Thomas,Hoffmann,45,F,69003,THOMAS.HOFFMANN@MAIL.COM,33506058783,BASIC,944.89,67.49,14,PASTRIES,True,,15/05/2023 16:31
191,James,Durand,30,F,69002,Jamesd@orange.fr,+3444864040618,GOLD,915.82,28.62,32,MACARON,False,,27/08/2017 13:37
192,Charlotte,Baker,32,F,69007,charlotteb@free.fr,33545889036,SILVER,710.33,39.46,18,MACARON,True,,16/12/1944 13:32
201,Lucas,King,18,M,69006,lucasking@outlook.com,+1275501288452,SILVER,649.06,24.96,26,TARTE,True,,15/01/2023 14:27
203,Oliver,Robinson,36,F,69001,oliver_robinson@laposte.net,33901537617,BASIC,527.49,11.47,46,TARTE,False,,26/10/2080 16:02
207,William,Leroy,51,F,69001,WILLIAM.LEROY@ORANGE.FR,+6192774642923,GOLD,847.6,27.34,31,PASTRIES,False,,01/01/1930 15:08
210,Noah,Miller,61,M,69001,NOAHM@HOTMAIL.COM,33223656002,SILVER,59.82,19.94,3,PASTRIES,False,,21/12/2017 15:45
219,Chloé,Anderson,44,F,69002,CHLOÉANDERSON@OUTLOOK.COM,33841777745,GOLD,686.83,13.74,50,BREAD,True,,22/10/1992 15:53
221,Ethan,White,67,F,69007,ewhite@icloud.com,33340006680,GOLD,246.52,14.5,17,PASTRIES,True,,20/04/2023 12:45
223,Amélie,Martin,60,M,69001,Améliem@gmail.com,33528596747,GOLD,1625623.8,29.21,31,PASTRIES,True,,04/04/2023 9:45
224,Mia,Müller,32,M,69007,mia.müller@yahoo.com,+563 (601)-252-9067,GOLD,376.47,11.07,34,BREAD,False,,22/09/2023 13:16
270,Charlotte,Hall,48,M,69001,charlotteh@free.fr,33360067292,GOLD,680.02,48.57,14,,True,,29/12/2030 13:57
278,Thomas,Becker,22,M,69001,Thomasb@free.fr,+99 (854)-649-3430,GOLD,256.02,8.53,30,MACARON,True,,25/09/2023 16:21
282,Louis,Lewis,61,U,69007,LOUISL@GMX.DE,33492505001,GOLD,881.59,38.33,23,MACARON,False,,28/12/2023 14:20
291,Emma,Durand,58,F,69003,emma_durand@mail.com,+893 (556)-764-1776,BASIC,94.47,2.25,42,,True,,13/01/2023 15:11
293,Sophia,Schulz,53,F,69002,Sschulz@laposte.net,33730813308,GOLD,778.66,18.99,41,PASTRIES,True,,24/02/2023 13:18
304,Chloe,Rodriguez,51,F,69001,chloe_rodriguez@yandex.com,33165483294,GOLD,294.52,21.04,14,,False,,28/01/2020 14:02
315,Lukas,Richard,45,M,69006,Lukas_richard@yahoo.com,33502309696,SILVER,458.26,91.65,5,MACARON,False,,08/09/2023 15:27
319,Marie,Anderson,30,F,69001,MARIE_ANDERSON@YAHOO.COM,33364711403,BASIC,761.27,17.3,44,TARTE,True,,24/05/2023 16:15
327,Noah,Scott,45,U,69002,Noahscott@orange.fr,33966510199,BASIC,243.55,24.36,10,PASTRIES,True,,13/10/2024 9:15
348,Charlotte,Taylor,47,F,69006,CHARLOTTET@GMAIL.COM,33325820852,SILVER,521.28,21.72,24,,True,,24/12/2020 13:41
354,Lukas,Rodriguez,45,U,69002,Lrodriguez@hotmail.com,33133746121,SILVER,791.28,43.96,18,MACARON,False,,14/09/2023 13:24
359,Oliver,Dubois,45,U,69001,Oliver_dubois@web.de,33545504940,SILVER,651.35,29.61,22,MACARON,True,,10/07/2023 12:17
367,Emily,Meyer,59,M,69006,emeyer@gmail.com,+23 (227)-491-1201,GOLD,100.93,2.24,45,MACARON,False,,31/12/2020 14:07
370,Leon,Hall,47,F,69001,leon_hall@laposte.net,0,BASIC,452.63,21.55,21,PASTRIES,False,,05/06/2023 12:40
372,Olivia,Johnson,36,M,69007,Oliviajohnson@free.fr,33503056137,SILVER,841.38,52.59,16,,True,,15/10/1976 11:57
378,Ava,Becker,22,F,69006,AVA_BECKER@ORANGE.FR,33463726814,GOLD,134.72,3.37,40,PASTRIES,False,,27/10/2023 12:49
383,Hannah,Walker,32,M,69007,hwalker@free.fr,33216600041,BASIC,112.19,4.67,24,MACARON,False,,28/04/1913 10:26
386,James,Jackson,46,F,69007,jamesjackson@gmx.de,33487637453,BASIC,752.63,15.05,50,,True,,19/02/2023 16:04
389,Benjamin,Petit,20,F,69007,Benjaminpetit@protonmail.com,33779707196,SILVER,643.62,13.69,47,TARTE,False,,14/08/1928 11:50
396,Lucas,Thomas,21,F,69003,lucasthomas@orange.fr,+9976407204649,SILVER,60.09,4.01,15,MACARON,True,,16/02/2023 12:59
402,William,Smith,19,F,69007,wsmith@web.de,33764399220,GOLD,436.76,39.71,11,,False,,28/05/1980 13:15
431,Sophie,Fischer,41,F,69003,sophief@outlook.com,+8835367221227,BASIC,911.08,25.31,36,PASTRIES,True,,03/01/2023 16:03
434,Thomas,Laurent,60,F,69003,thomas_laurent@gmx.de,33678083163,GOLD,387.31,9.22,42,PASTRIES,True,,09/11/2018 16:19
438,Louis,Clark,58,F,69003,lclark@free.fr,33437349688,GOLD,60.83,1.52,40,PASTRIES,True,,06/03/2023 11:58
443,Jack,Schulz,67,F,69003,Jackschulz@mail.com,031)6,GOLD,712.41,19.79,36,BREAD,True,,15/02/2023 16:32
449,Sophia,Wagner,51,M,69007,Sophiaw@laposte.net,0,GOLD,771.25,9126.34,12,MACARON,False,,17/07/2023 10:17
457,Amélie,Leroy,45,F,69007,Améliel@laposte.net,+5236157526803,BASIC,226.45,5.39,42,MACARON,True,,26/05/2035 15:05
462,Harry,Harris,45,F,69006,HARRYHARRIS@WANADOO.FR,33618378321,SILVER,928.64,48.88,19,BREAD,True,,20/04/1997 10:58
465,Charlotte,Richard,57,M,69001,CHARLOTTE.RICHARD@ICLOUD.COM,33761245733,BASIC,496.02,496.02,1,,True,,04/03/2023 13:51
468,Emma,Bernard,37,F,69006,EMMA.BERNARD@GMX.DE,33959149045,SILVER,357.55,12.77,28,PASTRIES,False,,18/06/2023 15:00
469,Amelia,Anderson,47,F,69001,ameliaanderson@yandex.com,33269242007,SILVER,863.42,431.71,2,BREAD,True,,05/01/2000 10:05
478,Hugo,Becker,64,U,69001,Hugobecker@free.fr,33891261768,SILVER,190.21,13505.62,2,TARTE,False,,23/08/2023 16:17
486,Emma,Jackson,68,F,69003,Emmaj@icloud.com,33913703318,BASIC,114.66,3.82,30,,False,,12/05/2023 11:48
488,Sophia,Clark,57,U,69001,Sophiac@gmx.de,33467597315,BASIC,861.54,18.33,47,,True,,18/06/1931 9:10
507,Emma,Leroy,44,M,69001,emmal@free.fr,33433391387,SILVER,939.52,22.37,42,BREAD,False,,11/03/2033 14:55
509,Sophie,Dubois,36,F,69001,sophiedubois@wanadoo.fr,33670860081,BASIC,547.86,18.26,30,MACARON,False,,23/10/2023 11:04
530,Léa,Thompson,38,M,69007,Lthompson@gmx.de,33454841209,BASIC,411.14,27.41,15,,False,,01/11/2023 14:39
531,Chloé,Fischer,51,M,69002,chloéfischer@gmail.com,33663846947,SILVER,622.2,69.13,9,MACARON,False,,25/06/2023 10:36
533,Ethan,Walker,46,F,69006,ethan_walker@mail.com,+9489964064510,BASIC,554.48,277.24,2,TARTE,True,,05/01/1900 12:28
562,Emily,Harris,31,M,69003,Emily.harris@mail.com,33986669002,GOLD,758.14,18.05,42,PASTRIES,False,,08/09/2030 11:37
581,James,Fischer,32,M,69007,james.fischer@wanadoo.fr,33920638974,BASIC,229.27,8.19,28,PASTRIES,False,,22/10/2023 14:52
596,William,Simon,45,U,69006,WILLIAM_SIMON@OUTLOOK.COM,33368685279,SILVER,348.52,24.89,14,TARTE,True,,25/02/2023 9:44
600,Emily,King,39,F,69003,emilyk@outlook.com,33554554692,BASIC,340.27,22.68,15,,True,,10/03/1965 16:53
603,Leon,Rodriguez,70,F,69006,LEON.RODRIGUEZ@WANADOO.FR,33732695647,SILVER,824.3,74.94,11,MACARON,False,,20/05/2023 14:10
605,Olivia,Schmidt,67,F,69002,olivias@web.de,33334112691,GOLD,838.31,44.12,19,MACARON,False,,24/01/2046 13:05
622,Benjamin,Martin,57,F,69001,BENJAMINMARTIN@ICLOUD.COM,33416359333,SILVER,786.82,16.06,49,BREAD,False,,20/06/2023 15:42
638,Emily,Wilson,43,M,69006,Emily.wilson@yahoo.com,0,SILVER,910.8,182.16,5,PASTRIES,True,,14/03/2023 10:36
639,Isabella,Durand,54,M,69007,isabelladurand@icloud.com,33546485371,SILVER,1769385.35,5184.42,27,BREAD,True,,01/02/2023 10:00
661,Amelia,Adams,58,M,69007,Ameliaa@icloud.com,33511087383,SILVER,926.49,185.3,5,,False,,21/09/2027 9:29
662,Sophie,Richard,50,F,69006,Srichard@gmx.de,33833950642,SILVER,504.05,21,24,PASTRIES,False,,19/05/1907 12:47
681,Olivia,Laurent,39,M,69003,OLAURENT@YANDEX.COM,0,BASIC,960.7,120.09,8,BREAD,False,,09/11/2023 9:25
691,Chloe,Moore,64,M,69006,CHLOE_MOORE@MAIL.COM,33550019326,GOLD,808.75,25.27,32,,True,,24/12/2023 16:22
698,Benjamin,King,45,M,69007,Benjamink@mail.com,33555805818,BASIC,644.73,322.37,2,PASTRIES,False,,27/07/2026 16:31
701,Lukas,Allen,18,F,69003,lukas_allen@gmail.com,33353819892,GOLD,870.2,72.52,12,TARTE,True,,11/04/2024 9:04
703,Thomas,Leroy,45,M,69002,Thomasl@gmail.com,33138606147,SILVER,351.43,8.79,40,,True,,16/11/2016 9:33
710,William,Adams,22,M,69006,Williamadams@wanadoo.fr,+174 (472)-578-5456,BASIC,888.39,42.3,21,,True,,24/08/2009 11:05
720,Sophie,Müller,24,F,69007,SMÜLLER@PROTONMAIL.COM,33262968967,BASIC,930.29,93.03,10,PASTRIES,False,,04/08/2092 9:11
726,Amélie,Thompson,22,M,69003,améliethompson@mail.com,33330434783,GOLD,516.32,12.01,43,,False,,06/12/2023 13:00
734,Charlotte,Clark,30,F,69006,charlottec@laposte.net,33663876741,GOLD,820.91,51.31,16,BREAD,False,,11/12/2023 12:14
742,Lucas,Simon,18,M,69001,LUCAS_SIMON@PROTONMAIL.COM,33689141628,GOLD,182.71,4.68,39,PASTRIES,True,,01/12/1941 11:13
750,Jack,Allen,40,M,69003,Jacka@hotmail.com,33465316219,BASIC,100.28,7.71,13,PASTRIES,False,,26/12/2030 16:07
755,Leon,Miller,66,F,69007,LEONMILLER@PROTONMAIL.COM,+4453662797491,BASIC,212.83,1888.6,16,BREAD,False,,07/08/2023 10:54
758,Sophie,Moreau,20,M,69007,SMOREAU@WEB.DE,0,SILVER,669.87,33.49,20,MACARON,False,,17/09/2015 10:15
769,Harry,Müller,29,M,69003,HMÜLLER@PROTONMAIL.COM,33572584114,SILVER,367.55,30.63,12,MACARON,False,,25/06/2023 15:33
774,Benjamin,Martinez,46,M,69006,BENJAMINMARTINEZ@GMX.DE,33779841493,GOLD,126.62,7.45,17,BREAD,False,,02/11/2023 9:14
780,Lucas,Jackson,19,F,69006,Lucasj@gmx.de,8+,BASIC,387.59,22.8,17,PASTRIES,True,,19/01/2057 10:20
789,Noah,Wright,47,M,69002,noahwright@gmx.de,33865640314,GOLD,948.15,39.51,24,MACARON,True,,05/12/2023 9:10
800,Ethan,Schmidt,61,U,69007,ETHAN_SCHMIDT@YAHOO.COM,33657268197,SILVER,328.69,8.65,38,,True,,28/03/2032 11:24
